ncalls,tottime,percall,cumtime,percall,filename:lineno(function)
114,0.000,0.000,0.000,0.000,{method 'get' of 'mappingproxy' objects}
26,0.000,0.000,0.000,0.000,{method 'items' of 'mappingproxy' objects}
5,0.000,0.000,0.000,0.000,{method 'setter' of 'property' objects}
878,0.000,0.000,0.000,0.000,{method 'find' of 'bytearray' objects}
38,0.000,0.000,0.000,0.000,{method 'translate' of 'bytearray' objects}
6,0.000,0.000,0.000,0.000,{method 'encode' of 'str' objects}
799,0.000,0.000,0.000,0.000,{method 'replace' of 'str' objects}
1432,0.000,0.000,0.000,0.000,{method 'split' of 'str' objects}
6,0.000,0.000,0.000,0.000,{method 'rsplit' of 'str' objects}
1504/1500,0.000,0.000,0.001,0.000,{method 'join' of 'str' objects}
2,0.000,0.000,0.000,0.000,{method 'title' of 'str' objects}
2,0.000,0.000,0.000,0.000,{method 'expandtabs' of 'str' objects}
190,0.000,0.000,0.000,0.000,{method 'partition' of 'str' objects}
2568,0.000,0.000,0.000,0.000,{method 'lower' of 'str' objects}
12,0.000,0.000,0.000,0.000,{method 'lstrip' of 'str' objects}
1338,0.000,0.000,0.000,0.000,{method 'rfind' of 'str' objects}
1826,0.000,0.000,0.000,0.000,{method 'rstrip' of 'str' objects}
365,0.000,0.000,0.000,0.000,{method 'rpartition' of 'str' objects}
140,0.001,0.000,0.001,0.000,{method 'splitlines' of 'str' objects}
628,0.000,0.000,0.000,0.000,{method 'strip' of 'str' objects}
4,0.000,0.000,0.000,0.000,{method 'translate' of 'str' objects}
5500,0.001,0.000,0.001,0.000,{method 'startswith' of 'str' objects}
710,0.000,0.000,0.000,0.000,{method 'endswith' of 'str' objects}
1510,0.000,0.000,0.000,0.000,{method 'isupper' of 'str' objects}
24,0.000,0.000,0.000,0.000,{method 'isdigit' of 'str' objects}
67,0.000,0.000,0.000,0.000,{method 'isidentifier' of 'str' objects}
28,0.000,0.000,0.000,0.000,{method 'zfill' of 'str' objects}
404,0.000,0.000,0.000,0.000,{method 'format' of 'str' objects}
14,0.000,0.000,0.000,0.000,{method '__contains__' of 'frozenset' objects}
89,0.000,0.000,0.000,0.000,{method 'add' of 'set' objects}
6,0.000,0.000,0.000,0.000,{method 'tolist' of 'memoryview' objects}
6,0.000,0.000,0.000,0.000,{method 'cast' of 'memoryview' objects}
129,0.000,0.000,0.000,0.000,{built-in method from_bytes}
217,0.000,0.000,0.000,0.000,{method 'copy' of 'list' objects}
16647,0.001,0.000,0.001,0.000,{method 'append' of 'list' objects}
167500,0.016,0.000,0.016,0.000,{method 'insert' of 'list' objects}
853,0.000,0.000,0.000,0.000,{method 'extend' of 'list' objects}
434,0.000,0.000,0.000,0.000,{method 'pop' of 'list' objects}
71,0.000,0.000,0.000,0.000,{method 'remove' of 'list' objects}
359,0.000,0.000,0.000,0.000,{method 'reverse' of 'list' objects}
975,0.002,0.000,0.015,0.000,{method 'sort' of 'list' objects}
142,0.000,0.000,0.000,0.000,{method 'decode' of 'bytes' objects}
1,0.000,0.000,0.000,0.000,{method 'startswith' of 'bytes' objects}
471,0.000,0.000,0.000,0.000,{method '__reduce_ex__' of 'object' objects}
10,0.000,0.000,0.000,0.000,{method 'mro' of 'type' objects}
4586,0.000,0.000,0.000,0.000,{method 'get' of 'dict' objects}
709,0.000,0.000,0.000,0.000,{method 'setdefault' of 'dict' objects}
65,0.000,0.000,0.000,0.000,{method 'pop' of 'dict' objects}
2,0.000,0.000,0.000,0.000,{method 'popitem' of 'dict' objects}
71,0.000,0.000,0.000,0.000,{method 'keys' of 'dict' objects}
255,0.000,0.000,0.000,0.000,{method 'items' of 'dict' objects}
29,0.000,0.000,0.000,0.000,{method 'values' of 'dict' objects}
508,0.000,0.000,0.000,0.000,{method 'update' of 'dict' objects}
188,0.000,0.000,0.000,0.000,{built-in method fromkeys}
2,0.000,0.000,0.000,0.000,{method 'clear' of 'dict' objects}
216/213,0.002,0.000,0.017,0.000,{built-in method builtins.__build_class__}
29/17,0.000,0.000,0.038,0.002,{built-in method builtins.__import__}
3045,0.000,0.000,0.000,0.000,{built-in method builtins.abs}
65767,0.012,0.000,0.045,0.000,{built-in method builtins.all}
1323,0.000,0.000,0.000,0.000,{built-in method builtins.any}
270,0.000,0.000,0.000,0.000,{built-in method builtins.chr}
5,0.000,0.000,0.000,0.000,{built-in method builtins.delattr}
2,0.000,0.000,0.000,0.000,{built-in method builtins.dir}
48/2,0.000,0.000,0.088,0.044,{built-in method builtins.exec}
1957,0.000,0.000,0.000,0.000,{built-in method builtins.getattr}
11,0.000,0.000,0.000,0.000,{built-in method builtins.globals}
2139/2130,0.001,0.000,0.001,0.000,{built-in method builtins.hasattr}
2,0.000,0.000,0.000,0.000,{built-in method builtins.hash}
509,0.000,0.000,0.000,0.000,{built-in method builtins.id}
17226,0.002,0.000,0.002,0.000,{built-in method builtins.isinstance}
47784,0.004,0.000,0.004,0.000,{built-in method builtins.issubclass}
61258,0.006,0.000,0.006,0.000,{built-in method builtins.iter}
1018836/1018069,0.062,0.000,0.062,0.000,{built-in method builtins.len}
1,0.000,0.000,0.000,0.000,{built-in method builtins.locals}
277,0.000,0.000,0.000,0.000,{built-in method builtins.max}
3519,0.001,0.000,0.006,0.000,{built-in method builtins.min}
816,0.000,0.000,0.007,0.000,{built-in method builtins.next}
1590,0.000,0.000,0.000,0.000,{built-in method builtins.ord}
50942,0.019,0.000,0.019,0.000,{built-in method builtins.pow}
29,0.001,0.000,0.001,0.000,{built-in method builtins.print}
29,0.000,0.000,0.000,0.000,{built-in method builtins.repr}
415,0.000,0.000,0.000,0.000,{built-in method builtins.setattr}
168546,0.050,0.000,0.559,0.000,{built-in method builtins.sorted}
25875,0.011,0.000,0.011,0.000,{built-in method builtins.sum}
4,0.000,0.000,0.000,0.000,{built-in method builtins.vars}
20,0.000,0.000,0.000,0.000,{method 'read' of '_io.TextIOWrapper' objects}
163,0.001,0.000,0.001,0.000,{method 'read' of '_io.BufferedReader' objects}
2,0.000,0.000,0.000,0.000,{method 'readline' of '_io.BufferedReader' objects}
1,0.000,0.000,0.000,0.000,{method 'seek' of '_io.BufferedReader' objects}
959,0.002,0.000,0.002,0.000,{built-in method posix.stat}
189,0.002,0.000,0.002,0.000,{built-in method posix.listdir}
39,0.000,0.000,0.000,0.000,{built-in method posix.lstat}
1,0.000,0.000,0.000,0.000,{built-in method posix.readlink}
1,0.000,0.000,0.000,0.000,{built-in method posix.uname}
2715,0.000,0.000,0.000,0.000,{built-in method posix.fspath}
4093,0.001,0.000,0.001,0.000,{built-in method math.atan}
232089,0.040,0.000,0.040,0.000,{built-in method math.isclose}
29564,0.004,0.000,0.004,0.000,{built-in method math.sqrt}
1,0.001,0.001,0.001,0.001,{method 'readlines' of '_io._IOBase' objects}
5,0.000,0.000,0.000,0.000,{built-in method _struct.calcsize}
110,0.000,0.000,0.000,0.000,{built-in method _thread.allocate_lock}
150,0.000,0.000,0.000,0.000,{built-in method _thread.get_ident}
62,0.000,0.000,0.000,0.000,{built-in method _sre.compile}
523,0.000,0.000,0.000,0.000,{built-in method _sre.unicode_iscased}
395,0.000,0.000,0.000,0.000,{built-in method _sre.unicode_tolower}
214,0.000,0.000,0.000,0.000,{method 'match' of 're.Pattern' objects}
892,0.001,0.000,0.001,0.000,{method 'search' of 're.Pattern' objects}
200,0.000,0.000,0.000,0.000,{method 'sub' of 're.Pattern' objects}
1,0.000,0.000,0.000,0.000,{method 'findall' of 're.Pattern' objects}
390,0.000,0.000,0.000,0.000,{method 'split' of 're.Pattern' objects}
5202,0.001,0.000,0.001,0.000,{method 'group' of 're.Match' objects}
12,0.000,0.000,0.000,0.000,{method 'end' of 're.Match' objects}
12,0.000,0.000,0.000,0.000,{method 'groupdict' of 're.Match' objects}
190,0.000,0.000,0.000,0.000,{built-in method _stat.S_ISDIR}
20,0.000,0.000,0.000,0.000,{built-in method _stat.S_ISREG}
38,0.000,0.000,0.000,0.000,{built-in method _stat.S_ISLNK}
142,0.001,0.000,0.001,0.000,{built-in method io.open}
43,0.001,0.000,0.001,0.000,{built-in method io.open_code}
334841,0.026,0.000,0.026,0.000,{built-in method _operator.index}
1,0.000,0.000,0.000,0.000,{method 'toordinal' of 'datetime.date' objects}
50,0.000,0.000,0.000,0.000,{built-in method _codecs.utf_8_decode}
10,0.000,0.000,0.000,0.000,{built-in method _abc._abc_init}
1,0.000,0.000,0.000,0.000,{built-in method _abc._abc_register}
133,0.000,0.000,0.000,0.000,{built-in method _abc._abc_instancecheck}
7/2,0.000,0.000,0.000,0.000,{built-in method _abc._abc_subclasscheck}
29,0.000,0.000,0.000,0.000,{built-in method sys._getframe}
14,0.000,0.000,0.000,0.000,{built-in method sys.intern}
43,0.005,0.000,0.005,0.000,{built-in method marshal.loads}
397,0.000,0.000,0.000,0.000,{built-in method _imp.acquire_lock}
397,0.000,0.000,0.000,0.000,{built-in method _imp.release_lock}
2,0.000,0.000,0.000,0.000,{built-in method _imp.create_builtin}
14,0.000,0.000,0.000,0.000,{built-in method _imp.is_builtin}
53,0.000,0.000,0.000,0.000,{built-in method _imp.is_frozen}
1,0.000,0.000,0.000,0.000,{built-in method _imp.create_dynamic}
1,0.000,0.000,0.000,0.000,{built-in method _imp.exec_dynamic}
2,0.000,0.000,0.000,0.000,{built-in method _imp.exec_builtin}
43,0.000,0.000,0.000,0.000,{built-in method _imp._fix_co_filename}
214,0.000,0.000,0.000,0.000,{built-in method _warnings._filters_mutated}
1094,0.000,0.000,0.000,0.000,{built-in method __new__ of type object at 0x908780}
1,0.000,0.000,0.000,0.000,<string>:1(<module>)
1,0.000,0.000,0.000,0.000,/usr/lib/python3/dist-packages/pkg_resources/_vendor/packaging/markers.py:44(Node)
1,0.000,0.000,0.000,0.000,/usr/lib/python3/dist-packages/pkg_resources/_vendor/packaging/markers.py:59(Variable)
1,0.000,0.000,0.000,0.000,/usr/lib/python3/dist-packages/pkg_resources/_vendor/packaging/markers.py:65(Value)
1,0.000,0.000,0.000,0.000,/usr/lib/python3/dist-packages/pkg_resources/_vendor/packaging/markers.py:71(Op)
1,0.000,0.000,0.000,0.000,/usr/lib/python3/dist-packages/pkg_resources/_vendor/packaging/markers.py:272(Marker)
1,0.000,0.000,0.001,0.001,/usr/lib/python3/dist-packages/pkg_resources/_vendor/packaging/markers.py:4(<module>)
1,0.000,0.000,0.000,0.000,/usr/lib/python3/dist-packages/pkg_resources/py2_warn.py:1(<module>)
1,0.000,0.000,0.000,0.000,/usr/lib/python3.8/sysconfig.py:105(_safe_realpath)
1,0.000,0.000,0.000,0.000,/usr/lib/python3.8/sysconfig.py:126(_is_python_source_dir)
1,0.000,0.000,0.000,0.000,/usr/lib/python3.8/sysconfig.py:143(is_python_build)
2,0.000,0.000,0.000,0.000,/usr/lib/python3.8/sysconfig.py:186(_get_default_scheme)
1,0.000,0.000,0.000,0.000,/usr/lib/python3.8/sysconfig.py:623(get_platform)
1,0.000,0.000,0.000,0.000,/usr/lib/python3.8/sysconfig.py:1(<module>)
1,0.000,0.000,0.000,0.000,/usr/lib/python3/dist-packages/pkg_resources/_vendor/packaging/markers.py:25(InvalidMarker)
1,0.000,0.000,0.000,0.000,/usr/lib/python3/dist-packages/pkg_resources/_vendor/packaging/markers.py:31(UndefinedComparison)
1,0.000,0.000,0.000,0.000,/usr/lib/python3/dist-packages/pkg_resources/_vendor/packaging/markers.py:37(UndefinedEnvironmentName)
41,0.000,0.000,0.000,0.000,/usr/lib/python3/dist-packages/pkg_resources/_vendor/pyparsing.py:3439(<genexpr>)
13/12,0.000,0.000,0.000,0.000,/usr/lib/python3/dist-packages/pkg_resources/_vendor/pyparsing.py:3434(__str__)
1,0.000,0.000,0.000,0.000,/usr/lib/python3/dist-packages/pkg_resources/_vendor/pyparsing.py:3368(And)
2,0.000,0.000,0.000,0.000,/usr/lib/python3/dist-packages/pkg_resources/_vendor/pyparsing.py:3461(<genexpr>)
1,0.000,0.000,0.000,0.000,/usr/lib/python3/dist-packages/pkg_resources/_vendor/pyparsing.py:3458(__init__)
1,0.000,0.000,0.000,0.000,/usr/lib/python3/dist-packages/pkg_resources/_vendor/pyparsing.py:3444(Or)
139,0.000,0.000,0.000,0.000,/usr/lib/python3/dist-packages/pkg_resources/_vendor/pyparsing.py:3543(<genexpr>)
48,0.000,0.000,0.000,0.000,/usr/lib/python3/dist-packages/pkg_resources/_vendor/pyparsing.py:3540(__init__)
20/8,0.000,0.000,0.000,0.000,/usr/lib/python3/dist-packages/pkg_resources/_vendor/pyparsing.py:3547(parseImpl)
41,0.000,0.000,0.000,0.000,/usr/lib/python3/dist-packages/pkg_resources/_vendor/pyparsing.py:3581(<genexpr>)
14,0.000,0.000,0.000,0.000,/usr/lib/python3/dist-packages/pkg_resources/_vendor/pyparsing.py:3576(__str__)
1,0.000,0.000,0.000,0.000,/usr/lib/python3/dist-packages/pkg_resources/_vendor/pyparsing.py:3523(MatchFirst)
1,0.000,0.000,0.000,0.000,/usr/lib/python3/dist-packages/pkg_resources/_vendor/pyparsing.py:3591(Each)
82,0.000,0.000,0.000,0.000,/usr/lib/python3/dist-packages/pkg_resources/_vendor/pyparsing.py:3719(__init__)
16/2,0.000,0.000,0.000,0.000,/usr/lib/python3/dist-packages/pkg_resources/_vendor/pyparsing.py:3737(parseImpl)
36/11,0.000,0.000,0.003,0.000,/usr/lib/python3/dist-packages/pkg_resources/_vendor/pyparsing.py:3743(leaveWhitespace)
15/4,0.000,0.000,0.000,0.000,/usr/lib/python3/dist-packages/pkg_resources/_vendor/pyparsing.py:3762(streamline)
9,0.000,0.000,0.000,0.000,/usr/lib/python3/dist-packages/pkg_resources/_vendor/pyparsing.py:3781(__str__)
1,0.000,0.000,0.000,0.000,/usr/lib/python3/dist-packages/pkg_resources/_vendor/pyparsing.py:3715(ParseElementEnhance)
1,0.000,0.000,0.000,0.000,/usr/lib/python3/dist-packages/pkg_resources/_vendor/pyparsing.py:3792(FollowedBy)
4,0.000,0.000,0.000,0.000,/usr/lib/python3/dist-packages/pkg_resources/_vendor/pyparsing.py:3829(__init__)
9,0.000,0.000,0.000,0.000,/usr/lib/python3/dist-packages/pkg_resources/_vendor/pyparsing.py:3841(__str__)
1,0.000,0.000,0.000,0.000,/usr/lib/python3/dist-packages/pkg_resources/_vendor/pyparsing.py:3818(NotAny)
11,0.000,0.000,0.000,0.000,/usr/lib/python3/dist-packages/pkg_resources/_vendor/pyparsing.py:3851(__init__)
2,0.000,0.000,0.000,0.000,/usr/lib/python3/dist-packages/pkg_resources/_vendor/pyparsing.py:3859(parseImpl)
1,0.000,0.000,0.000,0.000,/usr/lib/python3/dist-packages/pkg_resources/_vendor/pyparsing.py:3850(_MultipleMatch)
1,0.000,0.000,0.000,0.000,/usr/lib/python3/dist-packages/pkg_resources/_vendor/pyparsing.py:3914(__str__)
1,0.000,0.000,0.000,0.000,/usr/lib/python3/dist-packages/pkg_resources/_vendor/pyparsing.py:3888(OneOrMore)
8,0.000,0.000,0.000,0.000,/usr/lib/python3/dist-packages/pkg_resources/_vendor/pyparsing.py:3935(__init__)
1,0.000,0.000,0.000,0.000,/usr/lib/python3/dist-packages/pkg_resources/_vendor/pyparsing.py:3923(ZeroOrMore)
1,0.000,0.000,0.000,0.000,/usr/lib/python3/dist-packages/pkg_resources/_vendor/pyparsing.py:3954(_NullToken)
28,0.000,0.000,0.000,0.000,/usr/lib/python3/dist-packages/pkg_resources/_vendor/pyparsing.py:3997(__init__)
2,0.000,0.000,0.000,0.000,/usr/lib/python3/dist-packages/pkg_resources/_vendor/pyparsing.py:4003(parseImpl)
9,0.000,0.000,0.000,0.000,/usr/lib/python3/dist-packages/pkg_resources/_vendor/pyparsing.py:4017(__str__)
1,0.000,0.000,0.000,0.000,/usr/lib/python3/dist-packages/pkg_resources/_vendor/pyparsing.py:3962(Optional)
1,0.000,0.000,0.000,0.000,/usr/lib/python3/dist-packages/pkg_resources/_vendor/pyparsing.py:4026(SkipTo)
1,0.000,0.000,0.000,0.000,/usr/lib/python3/dist-packages/pkg_resources/_vendor/pyparsing.py:4160(__init__)
1,0.000,0.000,0.000,0.000,/usr/lib/python3/dist-packages/pkg_resources/_vendor/pyparsing.py:4163(__lshift__)
2,0.000,0.000,0.000,0.000,/usr/lib/python3/dist-packages/pkg_resources/_vendor/pyparsing.py:4214(copy)
1,0.000,0.000,0.000,0.000,/usr/lib/python3/dist-packages/pkg_resources/_vendor/pyparsing.py:4141(Forward)
1,0.000,0.000,0.000,0.000,/usr/lib/python3/dist-packages/pkg_resources/_vendor/pyparsing.py:4222(_ForwardNoRecurse)
38,0.000,0.000,0.000,0.000,/usr/lib/python3/dist-packages/pkg_resources/_vendor/pyparsing.py:4230(__init__)
1,0.000,0.000,0.000,0.000,/usr/lib/python3/dist-packages/pkg_resources/_vendor/pyparsing.py:4226(TokenConverter)
12,0.000,0.000,0.003,0.000,/usr/lib/python3/dist-packages/pkg_resources/_vendor/pyparsing.py:4251(__init__)
1,0.000,0.000,0.000,0.000,/usr/lib/python3/dist-packages/pkg_resources/_vendor/pyparsing.py:4234(Combine)
5,0.000,0.000,0.000,0.000,/usr/lib/python3/dist-packages/pkg_resources/_vendor/pyparsing.py:4292(__init__)
6,0.000,0.000,0.000,0.000,/usr/lib/python3/dist-packages/pkg_resources/_vendor/pyparsing.py:4296(postParse)
1,0.000,0.000,0.000,0.000,/usr/lib/python3/dist-packages/pkg_resources/_vendor/pyparsing.py:4278(Group)
1,0.000,0.000,0.000,0.000,/usr/lib/python3/dist-packages/pkg_resources/_vendor/pyparsing.py:4335(__init__)
1,0.000,0.000,0.000,0.000,/usr/lib/python3/dist-packages/pkg_resources/_vendor/pyparsing.py:4299(Dict)
4,0.000,0.000,0.000,0.000,/usr/lib/python3/dist-packages/pkg_resources/_vendor/pyparsing.py:4383(postParse)
1,0.000,0.000,0.000,0.000,/usr/lib/python3/dist-packages/pkg_resources/_vendor/pyparsing.py:4364(Suppress)
1,0.000,0.000,0.000,0.000,/usr/lib/python3/dist-packages/pkg_resources/_vendor/pyparsing.py:4390(OnlyOnce)
2,0.000,0.000,0.000,0.000,/usr/lib/python3/dist-packages/pkg_resources/_vendor/pyparsing.py:4450(delimitedList)
15,0.000,0.000,0.000,0.000,/usr/lib/python3/dist-packages/pkg_resources/_vendor/pyparsing.py:4565(_escapeRegexRangeChars)
2,0.000,0.000,0.000,0.000,/usr/lib/python3/dist-packages/pkg_resources/_vendor/pyparsing.py:4681(originalTextFor)
12,0.000,0.000,0.000,0.000,/usr/lib/python3/dist-packages/pkg_resources/_vendor/pyparsing.py:4757(<lambda>)
97,0.000,0.000,0.000,0.000,/usr/lib/python3/dist-packages/pkg_resources/_vendor/pyparsing.py:4781(<genexpr>)
6,0.000,0.000,0.000,0.000,/usr/lib/python3/dist-packages/pkg_resources/_vendor/pyparsing.py:4781(<lambda>)
8,0.000,0.000,0.000,0.000,/usr/lib/python3/dist-packages/pkg_resources/_vendor/pyparsing.py:4783(<genexpr>)
2,0.000,0.000,0.001,0.000,/usr/lib/python3/dist-packages/pkg_resources/_vendor/pyparsing.py:4763(srange)
7,0.000,0.000,0.000,0.000,/usr/lib/python3/dist-packages/pkg_resources/_vendor/pyparsing.py:4825(tokenMap)
94,0.000,0.000,0.000,0.000,/usr/lib/python3/dist-packages/pkg_resources/_vendor/pyparsing.py:4890(<genexpr>)
1,0.000,0.000,0.001,0.001,/usr/lib/python3/dist-packages/pkg_resources/_vendor/pyparsing.py:4875(_makeTags)
1,0.000,0.000,0.001,0.001,/usr/lib/python3/dist-packages/pkg_resources/_vendor/pyparsing.py:4904(makeHTMLTags)
1,0.000,0.000,0.005,0.005,/usr/lib/python3/dist-packages/pkg_resources/_vendor/pyparsing.py:5399(pyparsing_common)
1,0.000,0.000,0.012,0.012,/usr/lib/python3/dist-packages/pkg_resources/_vendor/pyparsing.py:26(<module>)
1,0.000,0.000,0.000,0.000,/usr/lib/python3.8/pprint.py:77(_safe_key)
1,0.000,0.000,0.000,0.000,/usr/lib/python3.8/pprint.py:103(PrettyPrinter)
1,0.000,0.000,0.000,0.000,/usr/lib/python3.8/pprint.py:11(<module>)
1,0.000,0.000,0.000,0.000,/usr/lib/python3/dist-packages/pkg_resources/_vendor/packaging/_compat.py:20(with_metaclass)
1,0.000,0.000,0.000,0.000,/usr/lib/python3/dist-packages/pkg_resources/_vendor/packaging/_compat.py:4(<module>)
1,0.000,0.000,0.000,0.000,/usr/lib/python3/dist-packages/pkg_resources/_vendor/pyparsing.py:205(ParseBaseException)
1,0.000,0.000,0.000,0.000,/usr/lib/python3/dist-packages/pkg_resources/_vendor/pyparsing.py:261(ParseException)
1,0.000,0.000,0.000,0.000,/usr/lib/python3/dist-packages/pkg_resources/_vendor/pyparsing.py:282(ParseFatalException)
1,0.000,0.000,0.000,0.000,/usr/lib/python3/dist-packages/pkg_resources/_vendor/pyparsing.py:287(ParseSyntaxException)
1,0.000,0.000,0.000,0.000,/usr/lib/python3/dist-packages/pkg_resources/_vendor/pyparsing.py:306(RecursiveGrammarException)
4,0.000,0.000,0.000,0.000,/usr/lib/python3/dist-packages/pkg_resources/_vendor/pyparsing.py:315(__init__)
16,0.000,0.000,0.000,0.000,/usr/lib/python3/dist-packages/pkg_resources/_vendor/pyparsing.py:317(__getitem__)
1,0.000,0.000,0.000,0.000,/usr/lib/python3/dist-packages/pkg_resources/_vendor/pyparsing.py:314(_ParseResultsWithOffset)
82,0.000,0.000,0.000,0.000,/usr/lib/python3/dist-packages/pkg_resources/_vendor/pyparsing.py:363(__new__)
82/80,0.000,0.000,0.000,0.000,/usr/lib/python3/dist-packages/pkg_resources/_vendor/pyparsing.py:372(__init__)
24,0.000,0.000,0.000,0.000,/usr/lib/python3/dist-packages/pkg_resources/_vendor/pyparsing.py:411(__getitem__)
4,0.000,0.000,0.000,0.000,/usr/lib/python3/dist-packages/pkg_resources/_vendor/pyparsing.py:420(__setitem__)
1,0.000,0.000,0.000,0.000,/usr/lib/python3/dist-packages/pkg_resources/_vendor/packaging/requirements.py:18(InvalidRequirement)
1,0.000,0.000,0.000,0.000,/usr/lib/python3/dist-packages/pkg_resources/_vendor/packaging/requirements.py:75(Requirement)
1,0.000,0.000,0.021,0.021,/usr/lib/python3/dist-packages/pkg_resources/_vendor/packaging/requirements.py:4(<module>)
1,0.000,0.000,0.000,0.000,/usr/lib/python3/dist-packages/pkg_resources/_vendor/pyparsing.py:183(<genexpr>)
1,0.000,0.000,0.000,0.000,/usr/lib/python3/dist-packages/pkg_resources/_vendor/pyparsing.py:195(_Constants)
95,0.000,0.000,0.000,0.000,/usr/lib/python3/dist-packages/pkg_resources/_vendor/pyparsing.py:203(<genexpr>)
32,0.000,0.000,0.000,0.000,/usr/lib/python3/dist-packages/pkg_resources/_vendor/pyparsing.py:209(__init__)
18,0.000,0.000,0.000,0.000,/usr/lib/python3/dist-packages/pkg_resources/_vendor/pyparsing.py:458(__bool__)
2,0.000,0.000,0.000,0.000,/usr/lib/python3/dist-packages/pkg_resources/_vendor/pyparsing.py:460(__iter__)
6,0.000,0.000,0.000,0.000,/usr/lib/python3/dist-packages/pkg_resources/_vendor/pyparsing.py:506(haskeys)
2,0.000,0.000,0.000,0.000,/usr/lib/python3/dist-packages/pkg_resources/_vendor/pyparsing.py:644(__getattr__)
2,0.000,0.000,0.000,0.000,/usr/lib/python3/dist-packages/pkg_resources/_vendor/pyparsing.py:666(<lambda>)
2,0.000,0.000,0.000,0.000,/usr/lib/python3/dist-packages/pkg_resources/_vendor/pyparsing.py:668(<listcomp>)
12,0.000,0.000,0.000,0.000,/usr/lib/python3/dist-packages/pkg_resources/_vendor/pyparsing.py:663(__iadd__)
1,0.000,0.000,0.000,0.000,/usr/lib/python3/dist-packages/pkg_resources/_vendor/pyparsing.py:324(ParseResults)
26,0.000,0.000,0.002,0.000,/usr/lib/python3/dist-packages/pkg_resources/_vendor/pyparsing.py:1047(extract_stack)
12,0.000,0.000,0.000,0.000,/usr/lib/python3/dist-packages/pkg_resources/_vendor/pyparsing.py:1069(wrapper)
27,0.000,0.000,0.002,0.000,/usr/lib/python3/dist-packages/pkg_resources/_vendor/pyparsing.py:1039(_trim_arity)
335,0.000,0.000,0.000,0.000,/usr/lib/python3/dist-packages/pkg_resources/_vendor/pyparsing.py:1144(__init__)
471,0.000,0.000,0.003,0.000,/usr/lib/python3/dist-packages/pkg_resources/_vendor/pyparsing.py:1167(copy)
45,0.000,0.000,0.000,0.000,/usr/lib/python3/dist-packages/pkg_resources/_vendor/pyparsing.py:1190(setName)
16,0.000,0.000,0.000,0.000,/usr/lib/python3/dist-packages/pkg_resources/_vendor/pyparsing.py:1204(setResultsName)
25,0.000,0.000,0.002,0.000,/usr/lib/python3/dist-packages/pkg_resources/_vendor/pyparsing.py:1250(setParseAction)
2,0.000,0.000,0.000,0.000,/usr/lib/python3/dist-packages/pkg_resources/_vendor/pyparsing.py:1288(addParseAction)
1,0.000,0.000,0.000,0.000,/usr/lib/python3/dist-packages/pkg_resources/_vendor/pyparsing.py:1298(addCondition)
60,0.000,0.000,0.000,0.000,/usr/lib/python3/dist-packages/pkg_resources/_vendor/pyparsing.py:1351(preParse)
46,0.000,0.000,0.000,0.000,/usr/lib/python3/dist-packages/pkg_resources/_vendor/pyparsing.py:1366(postParse)
102/2,0.000,0.000,0.001,0.000,/usr/lib/python3/dist-packages/pkg_resources/_vendor/pyparsing.py:1370(_parseNoCache)
1,0.000,0.000,0.000,0.000,/usr/lib/python3/dist-packages/pkg_resources/_vendor/pyparsing.py:1455(_UnboundedCache)
1,0.000,0.000,0.000,0.000,/usr/lib/python3/dist-packages/pkg_resources/_vendor/pyparsing.py:1478(_FifoCache)
2,0.000,0.000,0.000,0.000,/usr/lib/python3/dist-packages/pkg_resources/_vendor/pyparsing.py:1567(resetCache)
2,0.000,0.000,0.001,0.000,/usr/lib/python3/dist-packages/pkg_resources/_vendor/pyparsing.py:1608(parseString)
83,0.000,0.000,0.001,0.000,/usr/lib/python3/dist-packages/pkg_resources/_vendor/pyparsing.py:1821(__add__)
4,0.000,0.000,0.000,0.000,/usr/lib/python3/dist-packages/pkg_resources/_vendor/pyparsing.py:1841(__radd__)
12/2,0.000,0.000,0.000,0.000,/usr/lib/python3/dist-packages/pkg_resources/_vendor/pyparsing.py:1926(makeOptionalList)
3,0.000,0.000,0.000,0.000,/usr/lib/python3/dist-packages/pkg_resources/_vendor/pyparsing.py:1877(__mul__)
48,0.000,0.000,0.000,0.000,/usr/lib/python3/dist-packages/pkg_resources/_vendor/pyparsing.py:1948(__or__)
1,0.000,0.000,0.000,0.000,/usr/lib/python3/dist-packages/pkg_resources/_vendor/pyparsing.py:1972(__xor__)
4,0.000,0.000,0.000,0.000,/usr/lib/python3/dist-packages/pkg_resources/_vendor/pyparsing.py:2020(__invert__)
14,0.000,0.000,0.000,0.000,/usr/lib/python3/dist-packages/pkg_resources/_vendor/pyparsing.py:2026(__call__)
12,0.000,0.000,0.000,0.000,/usr/lib/python3/dist-packages/pkg_resources/_vendor/pyparsing.py:2045(suppress)
78,0.000,0.000,0.000,0.000,/usr/lib/python3/dist-packages/pkg_resources/_vendor/pyparsing.py:2052(leaveWhitespace)
170,0.000,0.000,0.000,0.000,/usr/lib/python3/dist-packages/pkg_resources/_vendor/pyparsing.py:2061(setWhitespaceChars)
96,0.000,0.000,0.000,0.000,/usr/lib/python3/dist-packages/pkg_resources/_vendor/pyparsing.py:2153(__str__)
61,0.000,0.000,0.000,0.000,/usr/lib/python3/dist-packages/pkg_resources/_vendor/pyparsing.py:2159(streamline)
1,0.000,0.000,0.000,0.000,/usr/lib/python3/dist-packages/pkg_resources/_vendor/pyparsing.py:1103(ParserElement)
120,0.000,0.000,0.000,0.000,/usr/lib/python3/dist-packages/pkg_resources/_vendor/pyparsing.py:2368(__init__)
1,0.000,0.000,0.000,0.000,/usr/lib/python3/dist-packages/pkg_resources/_vendor/pyparsing.py:2364(Token)
3,0.000,0.000,0.000,0.000,/usr/lib/python3/dist-packages/pkg_resources/_vendor/pyparsing.py:2376(__init__)
1,0.000,0.000,0.000,0.000,/usr/lib/python3/dist-packages/pkg_resources/_vendor/pyparsing.py:2372(Empty)
1,0.000,0.000,0.000,0.000,/usr/lib/python3/dist-packages/pkg_resources/_vendor/pyparsing.py:2383(NoMatch)
69,0.000,0.000,0.000,0.000,/usr/lib/python3/dist-packages/pkg_resources/_vendor/pyparsing.py:2412(__init__)
12,0.000,0.000,0.000,0.000,/usr/lib/python3/dist-packages/pkg_resources/_vendor/pyparsing.py:2431(parseImpl)
1,0.000,0.000,0.000,0.000,/usr/lib/python3/dist-packages/pkg_resources/_vendor/pyparsing.py:2398(Literal)
1,0.000,0.000,0.000,0.000,/usr/lib/python3/dist-packages/pkg_resources/_vendor/pyparsing.py:2439(Keyword)
1,0.000,0.000,0.000,0.000,/usr/lib/python3/dist-packages/pkg_resources/_vendor/pyparsing.py:2504(CaselessLiteral)
1,0.000,0.000,0.000,0.000,/usr/lib/python3/dist-packages/pkg_resources/_vendor/pyparsing.py:2527(CaselessKeyword)
1,0.000,0.000,0.000,0.000,/usr/lib/python3/dist-packages/pkg_resources/_vendor/pyparsing.py:2545(CloseMatch)
188,0.000,0.000,0.000,0.000,/usr/lib/python3/dist-packages/pkg_resources/_vendor/pyparsing.py:2656(<genexpr>)
12,0.000,0.000,0.002,0.000,/usr/lib/python3/dist-packages/pkg_resources/_vendor/pyparsing.py:2653(__init__)
16,0.000,0.000,0.000,0.000,/usr/lib/python3/dist-packages/pkg_resources/_vendor/pyparsing.py:2707(parseImpl)
16,0.000,0.000,0.000,0.000,/usr/lib/python3/dist-packages/pkg_resources/_vendor/pyparsing.py:2751(charsAsStr)
23,0.000,0.000,0.000,0.000,/usr/lib/python3/dist-packages/pkg_resources/_vendor/pyparsing.py:2742(__str__)
1,0.000,0.000,0.000,0.000,/usr/lib/python3/dist-packages/pkg_resources/_vendor/pyparsing.py:2606(Word)
26,0.000,0.000,0.009,0.000,/usr/lib/python3/dist-packages/pkg_resources/_vendor/pyparsing.py:2779(__init__)
20,0.000,0.000,0.000,0.000,/usr/lib/python3/dist-packages/pkg_resources/_vendor/pyparsing.py:2813(parseImpl)
42,0.000,0.000,0.000,0.000,/usr/lib/python3/dist-packages/pkg_resources/_vendor/pyparsing.py:2826(__str__)
1,0.000,0.000,0.000,0.000,/usr/lib/python3/dist-packages/pkg_resources/_vendor/pyparsing.py:2765(Regex)
2,0.000,0.000,0.000,0.000,/usr/lib/python3/dist-packages/pkg_resources/_vendor/pyparsing.py:2863(__init__)
2,0.000,0.000,0.000,0.000,/usr/lib/python3/dist-packages/pkg_resources/_vendor/pyparsing.py:2963(__str__)
1,0.000,0.000,0.000,0.000,/usr/lib/python3/dist-packages/pkg_resources/_vendor/pyparsing.py:2838(QuotedString)
1,0.000,0.000,0.000,0.000,/usr/lib/python3/dist-packages/pkg_resources/_vendor/pyparsing.py:2991(__init__)
4,0.000,0.000,0.000,0.000,/usr/lib/python3/dist-packages/pkg_resources/_vendor/pyparsing.py:3015(parseImpl)
5,0.000,0.000,0.000,0.000,/usr/lib/python3/dist-packages/pkg_resources/_vendor/pyparsing.py:3032(__str__)
1,0.000,0.000,0.000,0.000,/usr/lib/python3/dist-packages/pkg_resources/_vendor/pyparsing.py:2975(CharsNotIn)
3,0.000,0.000,0.000,0.000,/usr/lib/python3/dist-packages/pkg_resources/_vendor/pyparsing.py:3064(<genexpr>)
3,0.000,0.000,0.000,0.000,/usr/lib/python3/dist-packages/pkg_resources/_vendor/pyparsing.py:3066(<genexpr>)
1,0.000,0.000,0.000,0.000,/usr/lib/python3/dist-packages/pkg_resources/_vendor/pyparsing.py:3061(__init__)
1,0.000,0.000,0.000,0.000,/usr/lib/python3/dist-packages/pkg_resources/_vendor/pyparsing.py:3046(White)
6,0.000,0.000,0.000,0.000,/usr/lib/python3/dist-packages/pkg_resources/_vendor/pyparsing.py:3098(__init__)
1,0.000,0.000,0.000,0.000,/usr/lib/python3/dist-packages/pkg_resources/_vendor/pyparsing.py:3097(_PositionToken)
1,0.000,0.000,0.000,0.000,/usr/lib/python3/dist-packages/pkg_resources/_vendor/pyparsing.py:3104(GoToColumn)
1,0.000,0.000,0.000,0.000,/usr/lib/python3/dist-packages/pkg_resources/_vendor/pyparsing.py:3151(__init__)
1,0.000,0.000,0.000,0.000,/usr/lib/python3/dist-packages/pkg_resources/_vendor/pyparsing.py:3130(LineStart)
3,0.000,0.000,0.000,0.000,/usr/lib/python3/dist-packages/pkg_resources/_vendor/pyparsing.py:3164(__init__)
1,0.000,0.000,0.000,0.000,/usr/lib/python3/dist-packages/pkg_resources/_vendor/pyparsing.py:3160(LineEnd)
1,0.000,0.000,0.000,0.000,/usr/lib/python3/dist-packages/pkg_resources/_vendor/pyparsing.py:3184(__init__)
1,0.000,0.000,0.000,0.000,/usr/lib/python3/dist-packages/pkg_resources/_vendor/pyparsing.py:3180(StringStart)
1,0.000,0.000,0.000,0.000,/usr/lib/python3/dist-packages/pkg_resources/_vendor/pyparsing.py:3199(__init__)
1,0.000,0.000,0.000,0.000,/usr/lib/python3/dist-packages/pkg_resources/_vendor/pyparsing.py:3195(StringEnd)
1,0.000,0.000,0.000,0.000,/usr/lib/python3/dist-packages/pkg_resources/_vendor/pyparsing.py:3213(WordStart)
1,0.000,0.000,0.000,0.000,/usr/lib/python3/dist-packages/pkg_resources/_vendor/pyparsing.py:3233(WordEnd)
266,0.000,0.000,0.000,0.000,/usr/lib/python3/dist-packages/pkg_resources/_vendor/pyparsing.py:3270(<genexpr>)
133,0.000,0.000,0.001,0.000,/usr/lib/python3/dist-packages/pkg_resources/_vendor/pyparsing.py:3260(__init__)
61,0.000,0.000,0.001,0.000,/usr/lib/python3/dist-packages/pkg_resources/_vendor/pyparsing.py:3292(<listcomp>)
61/11,0.000,0.000,0.002,0.000,/usr/lib/python3/dist-packages/pkg_resources/_vendor/pyparsing.py:3288(leaveWhitespace)
19/4,0.000,0.000,0.000,0.000,/usr/lib/python3/dist-packages/pkg_resources/_vendor/pyparsing.py:3319(streamline)
4,0.000,0.000,0.000,0.000,/usr/lib/python3/dist-packages/pkg_resources/_vendor/pyparsing.py:3353(setResultsName)
131/65,0.000,0.000,0.002,0.000,/usr/lib/python3/dist-packages/pkg_resources/_vendor/pyparsing.py:3365(<listcomp>)
131/65,0.000,0.000,0.002,0.000,/usr/lib/python3/dist-packages/pkg_resources/_vendor/pyparsing.py:3363(copy)
1,0.000,0.000,0.000,0.000,/usr/lib/python3/dist-packages/pkg_resources/_vendor/pyparsing.py:3256(ParseExpression)
1,0.000,0.000,0.000,0.000,/usr/lib/python3/dist-packages/pkg_resources/_vendor/pyparsing.py:3384(_ErrorStop)
195,0.000,0.000,0.000,0.000,/usr/lib/python3/dist-packages/pkg_resources/_vendor/pyparsing.py:3392(<genexpr>)
84,0.000,0.000,0.001,0.000,/usr/lib/python3/dist-packages/pkg_resources/_vendor/pyparsing.py:3390(__init__)
10/2,0.000,0.000,0.001,0.000,/usr/lib/python3/dist-packages/pkg_resources/_vendor/pyparsing.py:3397(parseImpl)
1,0.000,0.000,0.000,0.000,/usr/lib/python3/dist-packages/pkg_resources/_vendor/six.py:1(<module>)
1,0.000,0.000,0.000,0.000,/usr/lib/python3/dist-packages/pkg_resources/py31compat.py:1(<module>)
1,0.000,0.000,0.000,0.000,/usr/lib/python3/dist-packages/pkg_resources/_vendor/appdirs.py:407(AppDirs)
1,0.000,0.000,0.000,0.000,/usr/lib/python3/dist-packages/pkg_resources/_vendor/appdirs.py:6(<module>)
1,0.000,0.000,0.000,0.000,/usr/lib/python3/dist-packages/pkg_resources/_vendor/packaging/__init__.py:4(<module>)
1,0.000,0.000,0.000,0.000,/usr/lib/python3/dist-packages/pkg_resources/_vendor/packaging/__about__.py:4(<module>)
568,0.000,0.000,0.006,0.000,/usr/lib/python3/dist-packages/pkg_resources/_vendor/packaging/version.py:24(parse)
1,0.000,0.000,0.000,0.000,/usr/lib/python3/dist-packages/pkg_resources/_vendor/packaging/version.py:36(InvalidVersion)
854,0.000,0.000,0.000,0.000,/usr/lib/python3/dist-packages/pkg_resources/_vendor/packaging/version.py:48(<lambda>)
854,0.000,0.000,0.001,0.000,/usr/lib/python3/dist-packages/pkg_resources/_vendor/packaging/version.py:47(__lt__)
854,0.000,0.000,0.000,0.000,/usr/lib/python3/dist-packages/pkg_resources/_vendor/packaging/version.py:54(<lambda>)
854,0.000,0.000,0.001,0.000,/usr/lib/python3/dist-packages/pkg_resources/_vendor/packaging/version.py:53(__eq__)
1708,0.000,0.000,0.001,0.000,/usr/lib/python3/dist-packages/pkg_resources/_vendor/packaging/version.py:65(_compare)
1,0.000,0.000,0.000,0.000,/usr/lib/python3/dist-packages/pkg_resources/_vendor/packaging/version.py:42(_BaseVersion)
384,0.000,0.000,0.003,0.000,/usr/lib/python3/dist-packages/pkg_resources/_vendor/packaging/version.py:74(__init__)
1,0.000,0.000,0.000,0.000,/usr/lib/python3/dist-packages/pkg_resources/_vendor/packaging/version.py:72(LegacyVersion)
1676,0.001,0.000,0.001,0.000,/usr/lib/python3/dist-packages/pkg_resources/_vendor/packaging/version.py:114(_parse_version_parts)
384,0.001,0.000,0.002,0.000,/usr/lib/python3/dist-packages/pkg_resources/_vendor/packaging/version.py:131(_legacy_cmpkey)
1896,0.000,0.000,0.000,0.000,/usr/lib/python3/dist-packages/pkg_resources/_vendor/packaging/version.py:207(<genexpr>)
892,0.003,0.000,0.007,0.000,/usr/lib/python3/dist-packages/pkg_resources/_vendor/packaging/version.py:198(__init__)
1194,0.000,0.000,0.000,0.000,/usr/lib/python3/dist-packages/pkg_resources/_vendor/packaging/version.py:244(<genexpr>)
20,0.000,0.000,0.000,0.000,/usr/lib/python3/dist-packages/pkg_resources/_vendor/packaging/version.py:261(<genexpr>)
316,0.000,0.000,0.001,0.000,/usr/lib/python3/dist-packages/pkg_resources/_vendor/packaging/version.py:236(__str__)
1,0.000,0.000,0.002,0.002,/usr/lib/python3/dist-packages/pkg_resources/_vendor/packaging/version.py:191(Version)
1500,0.000,0.000,0.000,0.000,/usr/lib/python3/dist-packages/pkg_resources/_vendor/packaging/version.py:298(_parse_letter_version)
30,0.000,0.000,0.000,0.000,/usr/lib/python3/dist-packages/pkg_resources/_vendor/packaging/version.py:337(<genexpr>)
500,0.000,0.000,0.000,0.000,/usr/lib/python3/dist-packages/pkg_resources/_vendor/packaging/version.py:332(_parse_local_version)
716,0.000,0.000,0.000,0.000,/usr/lib/python3/dist-packages/pkg_resources/_vendor/packaging/version.py:352(<lambda>)
30,0.000,0.000,0.000,0.000,/usr/lib/python3/dist-packages/pkg_resources/_vendor/packaging/version.py:388(<genexpr>)
500,0.001,0.000,0.001,0.000,/usr/lib/python3/dist-packages/pkg_resources/_vendor/packaging/version.py:343(_cmpkey)
1,0.000,0.000,0.002,0.002,/usr/lib/python3/dist-packages/pkg_resources/_vendor/packaging/version.py:4(<module>)
1000,0.000,0.000,0.000,0.000,/usr/lib/python3/dist-packages/pkg_resources/_vendor/packaging/_structures.py:33(__neg__)
1,0.000,0.000,0.000,0.000,/usr/lib/python3/dist-packages/pkg_resources/_vendor/packaging/_structures.py:7(Infinity)
1,0.000,0.000,0.000,0.000,/usr/lib/python3/dist-packages/pkg_resources/_vendor/packaging/_structures.py:39(NegativeInfinity)
1,0.000,0.000,0.000,0.000,/usr/lib/python3/dist-packages/pkg_resources/_vendor/packaging/_structures.py:4(<module>)
500,0.000,0.000,0.000,0.000,<string>:1(__new__)
1,0.000,0.000,0.000,0.000,/usr/lib/python3/dist-packages/pkg_resources/_vendor/packaging/specifiers.py:15(InvalidSpecifier)
1,0.000,0.000,0.000,0.000,/usr/lib/python3/dist-packages/pkg_resources/_vendor/packaging/specifiers.py:21(BaseSpecifier)
1,0.000,0.000,0.000,0.000,/usr/lib/python3/dist-packages/pkg_resources/_vendor/packaging/specifiers.py:78(_IndividualSpecifier)
1,0.000,0.000,0.000,0.000,/usr/lib/python3/dist-packages/pkg_resources/_vendor/packaging/specifiers.py:214(LegacySpecifier)
7,0.000,0.000,0.000,0.000,/usr/lib/python3/dist-packages/pkg_resources/_vendor/packaging/specifiers.py:266(_require_version_compare)
1,0.000,0.000,0.005,0.005,/usr/lib/python3/dist-packages/pkg_resources/_vendor/packaging/specifiers.py:275(Specifier)
1,0.000,0.000,0.000,0.000,/usr/lib/python3/dist-packages/pkg_resources/_vendor/packaging/specifiers.py:589(SpecifierSet)
1,0.000,0.000,0.006,0.006,/usr/lib/python3/dist-packages/pkg_resources/_vendor/packaging/specifiers.py:4(<module>)
1,0.000,0.000,0.000,0.000,/usr/lib/python3/dist-packages/pkg_resources/_vendor/packaging/_compat.py:28(__new__)
1,0.000,0.000,0.000,0.000,/usr/lib/python3/dist-packages/pkg_resources/_vendor/packaging/_compat.py:27(metaclass)
1,0.000,0.000,0.000,0.000,/usr/lib/python3.8/locale.py:1(<module>)
1,0.000,0.000,0.000,0.000,/usr/lib/python3/dist-packages/pkg_resources/extern/__init__.py:10(__init__)
12,0.000,0.000,0.000,0.000,/usr/lib/python3/dist-packages/pkg_resources/extern/__init__.py:15(search_path)
9,0.000,0.000,0.000,0.000,/usr/lib/python3/dist-packages/pkg_resources/extern/__init__.py:23(find_module)
6,0.000,0.000,0.015,0.002,/usr/lib/python3/dist-packages/pkg_resources/extern/__init__.py:35(load_module)
1,0.000,0.000,0.000,0.000,/usr/lib/python3/dist-packages/pkg_resources/extern/__init__.py:64(install)
1,0.000,0.000,0.000,0.000,/usr/lib/python3/dist-packages/pkg_resources/extern/__init__.py:4(VendorImporter)
1,0.000,0.000,0.000,0.000,/usr/lib/python3/dist-packages/pkg_resources/extern/__init__.py:1(<module>)
1,0.000,0.000,0.000,0.000,/usr/lib/python3/dist-packages/pkg_resources/_vendor/__init__.py:1(<module>)
8,0.000,0.000,0.000,0.000,/usr/lib/python3/dist-packages/pkg_resources/_vendor/six.py:75(_add_doc)
4,0.000,0.000,0.000,0.000,/usr/lib/python3/dist-packages/pkg_resources/_vendor/six.py:80(_import_module)
126,0.000,0.000,0.000,0.000,/usr/lib/python3/dist-packages/pkg_resources/_vendor/six.py:88(__init__)
4,0.000,0.000,0.000,0.000,/usr/lib/python3/dist-packages/pkg_resources/_vendor/six.py:91(__get__)
1,0.000,0.000,0.000,0.000,/usr/lib/python3/dist-packages/pkg_resources/_vendor/six.py:86(_LazyDescr)
43,0.000,0.000,0.000,0.000,/usr/lib/python3/dist-packages/pkg_resources/_vendor/six.py:105(__init__)
2,0.000,0.000,0.000,0.000,/usr/lib/python3/dist-packages/pkg_resources/_vendor/six.py:114(_resolve)
1,0.000,0.000,0.000,0.000,/usr/lib/python3/dist-packages/pkg_resources/_vendor/six.py:103(MovedModule)
6,0.000,0.000,0.000,0.000,/usr/lib/python3/dist-packages/pkg_resources/_vendor/six.py:126(__init__)
1,0.000,0.000,0.000,0.000,/usr/lib/python3/dist-packages/pkg_resources/_vendor/six.py:124(_LazyModule)
83,0.000,0.000,0.000,0.000,/usr/lib/python3/dist-packages/pkg_resources/_vendor/six.py:141(__init__)
1,0.000,0.000,0.000,0.000,/usr/lib/python3/dist-packages/pkg_resources/_vendor/six.py:139(MovedAttribute)
1,0.000,0.000,0.000,0.000,/usr/lib/python3/dist-packages/pkg_resources/_vendor/six.py:173(__init__)
50,0.000,0.000,0.000,0.000,/usr/lib/python3/dist-packages/pkg_resources/_vendor/six.py:177(_add_module)
5,0.000,0.000,0.000,0.000,/usr/lib/python3/dist-packages/pkg_resources/_vendor/six.py:181(_get_module)
1,0.000,0.000,0.000,0.000,/usr/lib/python3/dist-packages/pkg_resources/_vendor/six.py:164(_SixMetaPathImporter)
1,0.000,0.000,0.000,0.000,/usr/lib/python3/dist-packages/pkg_resources/_vendor/six.py:229(_MovedItems)
1,0.000,0.000,0.000,0.000,/usr/lib/python3/dist-packages/pkg_resources/_vendor/six.py:320(Module_six_moves_urllib_parse)
1,0.000,0.000,0.000,0.000,/usr/lib/python3/dist-packages/pkg_resources/_vendor/six.py:360(Module_six_moves_urllib_error)
1,0.000,0.000,0.000,0.000,/usr/lib/python3/dist-packages/pkg_resources/_vendor/six.py:380(Module_six_moves_urllib_request)
1,0.000,0.000,0.000,0.000,/usr/lib/python3/dist-packages/pkg_resources/_vendor/six.py:430(Module_six_moves_urllib_response)
1,0.000,0.000,0.000,0.000,/usr/lib/python3/dist-packages/pkg_resources/_vendor/six.py:451(Module_six_moves_urllib_robotparser)
1,0.000,0.000,0.000,0.000,/usr/lib/python3/dist-packages/pkg_resources/_vendor/six.py:469(Module_six_moves_urllib)
2,0.000,0.000,0.000,0.000,/usr/lib/python3/dist-packages/pkg_resources/_vendor/six.py:159(_resolve)
3,0.000,0.000,0.000,0.000,/usr/lib/python3/dist-packages/pkg_resources/_vendor/six.py:184(find_module)
6,0.000,0.000,0.000,0.000,/usr/lib/python3/dist-packages/pkg_resources/_vendor/six.py:189(__get_module)
3,0.000,0.000,0.000,0.000,/usr/lib/python3/dist-packages/pkg_resources/_vendor/six.py:195(load_module)
3,0.000,0.000,0.000,0.000,/usr/lib/python3/dist-packages/pkg_resources/_vendor/six.py:209(is_package)
1,0.000,0.000,0.002,0.002,/usr/lib/python3.8/socket.py:4(<module>)
1,0.000,0.000,0.000,0.000,/usr/lib/python3.8/email/_parseaddr.py:203(AddrlistClass)
1,0.000,0.000,0.000,0.000,/usr/lib/python3.8/email/_parseaddr.py:504(AddressList)
1,0.000,0.000,0.001,0.001,/usr/lib/python3.8/email/_parseaddr.py:4(<module>)
1,0.000,0.000,0.000,0.000,/usr/lib/python3.8/calendar.py:24(IllegalMonthError)
1,0.000,0.000,0.000,0.000,/usr/lib/python3.8/calendar.py:31(IllegalWeekdayError)
1,0.000,0.000,0.000,0.000,/usr/lib/python3.8/calendar.py:52(<listcomp>)
2,0.000,0.000,0.000,0.000,/usr/lib/python3.8/calendar.py:55(__init__)
1,0.000,0.000,0.000,0.000,/usr/lib/python3.8/calendar.py:50(_localized_month)
1,0.000,0.000,0.000,0.000,/usr/lib/python3.8/calendar.py:72(<listcomp>)
2,0.000,0.000,0.000,0.000,/usr/lib/python3.8/calendar.py:74(__init__)
1,0.000,0.000,0.000,0.000,/usr/lib/python3.8/calendar.py:69(_localized_day)
1,0.000,0.000,0.000,0.000,/usr/lib/python3.8/calendar.py:154(__init__)
1,0.000,0.000,0.000,0.000,/usr/lib/python3.8/calendar.py:160(setfirstweekday)
1,0.000,0.000,0.000,0.000,/usr/lib/python3.8/calendar.py:148(Calendar)
1,0.000,0.000,0.000,0.000,/usr/lib/python3.8/calendar.py:293(TextCalendar)
1,0.000,0.000,0.000,0.000,/usr/lib/python3.8/calendar.py:410(HTMLCalendar)
1,0.000,0.000,0.000,0.000,/usr/lib/python3.8/calendar.py:546(different_locale)
1,0.000,0.000,0.000,0.000,/usr/lib/python3.8/calendar.py:558(LocaleTextCalendar)
1,0.000,0.000,0.000,0.000,/usr/lib/python3.8/calendar.py:589(LocaleHTMLCalendar)
1,0.000,0.000,0.001,0.001,/usr/lib/python3.8/calendar.py:1(<module>)
1,0.000,0.000,0.000,0.000,/usr/lib/python3.8/email/_policybase.py:41(__init__)
1,0.000,0.000,0.000,0.000,/usr/lib/python3.8/email/_policybase.py:18(_PolicyBase)
6,0.000,0.000,0.000,0.000,/usr/lib/python3.8/email/_policybase.py:94(_append_doc)
10,0.000,0.000,0.000,0.000,/usr/lib/python3.8/email/_policybase.py:104(<genexpr>)
1,0.000,0.000,0.000,0.000,/usr/lib/python3.8/email/_policybase.py:99(_extend_docstrings)
1,0.000,0.000,0.000,0.000,/usr/lib/python3.8/email/_policybase.py:112(Policy)
1,0.000,0.000,0.000,0.000,/usr/lib/python3.8/email/_policybase.py:271(Compat32)
1,0.000,0.000,0.008,0.008,/usr/lib/python3.8/email/_policybase.py:1(<module>)
1,0.000,0.000,0.000,0.000,/usr/lib/python3.8/email/header.py:179(Header)
1,0.000,0.000,0.000,0.000,/usr/lib/python3.8/email/header.py:413(_ValueFormatter)
1,0.000,0.000,0.000,0.000,/usr/lib/python3.8/email/header.py:541(_Accumulator)
1,0.000,0.000,0.003,0.003,/usr/lib/python3.8/email/header.py:5(<module>)
1,0.000,0.000,0.000,0.000,/usr/lib/python3.8/email/quoprimime.py:55(<listcomp>)
1,0.000,0.000,0.000,0.000,/usr/lib/python3.8/email/quoprimime.py:5(<module>)
1,0.000,0.000,0.000,0.000,/usr/lib/python3.8/email/base64mime.py:5(<module>)
2,0.000,0.000,0.000,0.000,/usr/lib/python3.8/email/charset.py:211(__init__)
1,0.000,0.000,0.000,0.000,/usr/lib/python3.8/email/charset.py:167(Charset)
1,0.000,0.000,0.000,0.000,/usr/lib/python3.8/email/charset.py:6(<module>)
1,0.000,0.000,0.000,0.000,/usr/lib/python3.8/email/encoders.py:5(<module>)
1,0.000,0.000,0.000,0.000,/usr/lib/python3.8/quopri.py:3(<module>)
1,0.000,0.000,0.004,0.004,/usr/lib/python3.8/email/utils.py:5(<module>)
376,0.000,0.000,0.000,0.000,/usr/lib/python3.8/socket.py:76(<lambda>)
377,0.000,0.000,0.000,0.000,/usr/lib/python3.8/socket.py:81(<lambda>)
378,0.000,0.000,0.000,0.000,/usr/lib/python3.8/socket.py:86(<lambda>)
379,0.000,0.000,0.000,0.000,/usr/lib/python3.8/socket.py:91(<lambda>)
1,0.000,0.000,0.000,0.000,/usr/lib/python3.8/socket.py:210(_GiveupOnSendfile)
1,0.000,0.000,0.000,0.000,/usr/lib/python3.8/socket.py:213(socket)
1,0.000,0.000,0.000,0.000,/usr/lib/python3.8/socket.py:626(SocketIO)
1,0.000,0.000,0.000,0.000,/usr/lib/python3.8/plistlib.py:275(_PlistParser)
1,0.000,0.000,0.000,0.000,/usr/lib/python3.8/plistlib.py:390(_DumbXMLWriter)
1,0.000,0.000,0.000,0.000,/usr/lib/python3.8/plistlib.py:428(_PlistWriter)
1,0.000,0.000,0.000,0.000,/usr/lib/python3.8/plistlib.py:561(InvalidFileException)
1,0.000,0.000,0.000,0.000,/usr/lib/python3.8/plistlib.py:569(_BinaryPlistParser)
1,0.000,0.000,0.000,0.000,/usr/lib/python3.8/plistlib.py:747(_BinaryPlistWriter)
1,0.000,0.000,0.003,0.003,/usr/lib/python3.8/plistlib.py:1(<module>)
1,0.000,0.000,0.000,0.000,/usr/lib/python3.8/xml/__init__.py:1(<module>)
1,0.000,0.000,0.000,0.000,/usr/lib/python3.8/xml/parsers/__init__.py:1(<module>)
1,0.000,0.000,0.000,0.000,/usr/lib/python3.8/xml/parsers/expat.py:1(<module>)
1,0.000,0.000,0.000,0.000,/usr/lib/python3.8/email/__init__.py:5(<module>)
1,0.000,0.000,0.000,0.000,/usr/lib/python3.8/email/parser.py:16(Parser)
1,0.000,0.000,0.000,0.000,/usr/lib/python3.8/email/parser.py:71(HeaderParser)
1,0.000,0.000,0.000,0.000,/usr/lib/python3.8/email/parser.py:79(BytesParser)
1,0.000,0.000,0.000,0.000,/usr/lib/python3.8/email/parser.py:126(BytesHeaderParser)
1,0.000,0.000,0.010,0.010,/usr/lib/python3.8/email/parser.py:5(<module>)
1,0.000,0.000,0.000,0.000,/usr/lib/python3.8/email/feedparser.py:45(BufferedSubFile)
1,0.000,0.000,0.000,0.000,/usr/lib/python3.8/email/feedparser.py:136(FeedParser)
1,0.000,0.000,0.000,0.000,/usr/lib/python3.8/email/feedparser.py:532(BytesFeedParser)
1,0.000,0.000,0.009,0.009,/usr/lib/python3.8/email/feedparser.py:5(<module>)
1,0.000,0.000,0.000,0.000,/usr/lib/python3.8/email/errors.py:8(MessageError)
1,0.000,0.000,0.000,0.000,/usr/lib/python3.8/email/errors.py:12(MessageParseError)
1,0.000,0.000,0.000,0.000,/usr/lib/python3.8/email/errors.py:16(HeaderParseError)
1,0.000,0.000,0.000,0.000,/usr/lib/python3.8/email/errors.py:20(BoundaryError)
1,0.000,0.000,0.000,0.000,/usr/lib/python3.8/email/errors.py:24(MultipartConversionError)
1,0.000,0.000,0.000,0.000,/usr/lib/python3.8/email/errors.py:28(CharsetError)
1,0.000,0.000,0.000,0.000,/usr/lib/python3.8/email/errors.py:33(MessageDefect)
1,0.000,0.000,0.000,0.000,/usr/lib/python3.8/email/errors.py:41(NoBoundaryInMultipartDefect)
1,0.000,0.000,0.000,0.000,/usr/lib/python3.8/email/errors.py:44(StartBoundaryNotFoundDefect)
1,0.000,0.000,0.000,0.000,/usr/lib/python3.8/email/errors.py:47(CloseBoundaryNotFoundDefect)
1,0.000,0.000,0.000,0.000,/usr/lib/python3.8/email/errors.py:50(FirstHeaderLineIsContinuationDefect)
1,0.000,0.000,0.000,0.000,/usr/lib/python3.8/email/errors.py:53(MisplacedEnvelopeHeaderDefect)
1,0.000,0.000,0.000,0.000,/usr/lib/python3.8/email/errors.py:56(MissingHeaderBodySeparatorDefect)
1,0.000,0.000,0.000,0.000,/usr/lib/python3.8/email/errors.py:61(MultipartInvariantViolationDefect)
1,0.000,0.000,0.000,0.000,/usr/lib/python3.8/email/errors.py:64(InvalidMultipartContentTransferEncodingDefect)
1,0.000,0.000,0.000,0.000,/usr/lib/python3.8/email/errors.py:67(UndecodableBytesDefect)
1,0.000,0.000,0.000,0.000,/usr/lib/python3.8/email/errors.py:70(InvalidBase64PaddingDefect)
1,0.000,0.000,0.000,0.000,/usr/lib/python3.8/email/errors.py:73(InvalidBase64CharactersDefect)
1,0.000,0.000,0.000,0.000,/usr/lib/python3.8/email/errors.py:76(InvalidBase64LengthDefect)
1,0.000,0.000,0.000,0.000,/usr/lib/python3.8/email/errors.py:81(HeaderDefect)
1,0.000,0.000,0.000,0.000,/usr/lib/python3.8/email/errors.py:87(InvalidHeaderDefect)
1,0.000,0.000,0.000,0.000,/usr/lib/python3.8/email/errors.py:90(HeaderMissingRequiredValue)
1,0.000,0.000,0.000,0.000,/usr/lib/python3.8/email/errors.py:93(NonPrintableDefect)
1,0.000,0.000,0.000,0.000,/usr/lib/python3.8/email/errors.py:104(ObsoleteHeaderDefect)
1,0.000,0.000,0.000,0.000,/usr/lib/python3.8/email/errors.py:107(NonASCIILocalPartDefect)
1,0.000,0.000,0.000,0.000,/usr/lib/python3.8/email/errors.py:5(<module>)
640,0.000,0.000,0.008,0.000,/usr/lib/python3/dist-packages/pkg_resources/__init__.py:2767(_get_metadata)
136,0.000,0.000,0.010,0.000,/usr/lib/python3/dist-packages/pkg_resources/__init__.py:2772(_get_version)
93,0.000,0.000,0.005,0.000,/usr/lib/python3/dist-packages/pkg_resources/__init__.py:2778(activate)
559,0.000,0.000,0.000,0.000,/usr/lib/python3/dist-packages/pkg_resources/__init__.py:2814(__getattr__)
93,0.000,0.000,0.000,0.000,/usr/lib/python3/dist-packages/pkg_resources/__init__.py:2898(<listcomp>)
93,0.000,0.000,0.001,0.000,/usr/lib/python3/dist-packages/pkg_resources/__init__.py:2872(insert_on)
1,0.000,0.000,0.000,0.000,/usr/lib/python3/dist-packages/pkg_resources/__init__.py:2563(Distribution)
136,0.000,0.000,0.010,0.000,/usr/lib/python3/dist-packages/pkg_resources/__init__.py:2984(_reload_version)
1,0.000,0.000,0.000,0.000,/usr/lib/python3/dist-packages/pkg_resources/__init__.py:2983(EggInfoDistribution)
1,0.000,0.000,0.000,0.000,/usr/lib/python3/dist-packages/pkg_resources/__init__.py:3002(DistInfoDistribution)
1,0.000,0.000,0.000,0.000,/usr/lib/python3/dist-packages/pkg_resources/__init__.py:3072(RequirementParseError)
1,0.000,0.000,0.000,0.000,/usr/lib/python3/dist-packages/pkg_resources/__init__.py:3099(Requirement)
82,0.000,0.000,0.000,0.000,/usr/lib/python3/dist-packages/pkg_resources/__init__.py:3154(_always_object)
82,0.000,0.000,0.000,0.000,/usr/lib/python3/dist-packages/pkg_resources/__init__.py:3164(_find_adapter)
2,0.000,0.000,0.035,0.018,/usr/lib/python3/dist-packages/pkg_resources/__init__.py:3236(_call_aside)
14,0.000,0.000,0.000,0.000,/usr/lib/python3/dist-packages/pkg_resources/__init__.py:3246(<genexpr>)
1,0.000,0.000,0.000,0.000,/usr/lib/python3/dist-packages/pkg_resources/__init__.py:3241(_initialize)
94,0.000,0.000,0.005,0.000,/usr/lib/python3/dist-packages/pkg_resources/__init__.py:3279(<genexpr>)
1,0.000,0.000,0.035,0.035,/usr/lib/python3/dist-packages/pkg_resources/__init__.py:3253(_initialize_master_working_set)
1,0.000,0.000,0.000,0.000,/usr/lib/python3/dist-packages/pkg_resources/__init__.py:3293(PkgResourcesDeprecationWarning)
1,0.000,0.000,0.086,0.086,/usr/lib/python3/dist-packages/pkg_resources/__init__.py:2(<module>)
1,0.000,0.000,0.000,0.000,/usr/lib/python3.8/zipfile.py:43(BadZipFile)
1,0.000,0.000,0.000,0.000,/usr/lib/python3.8/zipfile.py:47(LargeZipFile)
1,0.000,0.000,0.000,0.000,/usr/lib/python3.8/zipfile.py:318(ZipInfo)
1,0.000,0.000,0.000,0.000,/usr/lib/python3.8/zipfile.py:613(LZMACompressor)
1,0.000,0.000,0.000,0.000,/usr/lib/python3.8/zipfile.py:636(LZMADecompressor)
1,0.000,0.000,0.000,0.000,/usr/lib/python3.8/zipfile.py:737(_SharedFile)
1,0.000,0.000,0.000,0.000,/usr/lib/python3.8/zipfile.py:775(_Tellable)
1,0.000,0.000,0.000,0.000,/usr/lib/python3.8/zipfile.py:795(ZipExtFile)
1,0.000,0.000,0.000,0.000,/usr/lib/python3.8/zipfile.py:1114(_ZipWriteFile)
1,0.000,0.000,0.000,0.000,/usr/lib/python3.8/zipfile.py:1192(ZipFile)
1,0.000,0.000,0.000,0.000,/usr/lib/python3.8/zipfile.py:1956(PyZipFile)
1,0.000,0.000,0.000,0.000,/usr/lib/python3.8/zipfile.py:2183(CompleteDirs)
1,0.000,0.000,0.000,0.000,/usr/lib/python3.8/zipfile.py:2233(FastLookup)
1,0.000,0.000,0.000,0.000,/usr/lib/python3.8/zipfile.py:2251(Path)
1,0.000,0.000,0.000,0.000,/usr/lib/python3.8/zipfile.py:1(<module>)
1,0.000,0.000,0.000,0.000,/usr/lib/python3.8/pkgutil.py:194(ImpImporter)
1,0.000,0.000,0.000,0.000,/usr/lib/python3.8/pkgutil.py:268(ImpLoader)
86,0.000,0.000,0.000,0.000,/usr/lib/python3.8/pkgutil.py:405(get_importer)
1,0.000,0.000,0.000,0.000,/usr/lib/python3.8/pkgutil.py:1(<module>)
1,0.000,0.000,0.000,0.000,/usr/lib/python3.8/plistlib.py:139(Data)
1,0.000,0.000,0.000,0.000,/usr/lib/python3.8/plistlib.py:178(UID)
5,0.000,0.000,0.000,0.000,/home/antho/.local/lib/python3.8/site-packages/numpy/core/function_base.py:18(_linspace_dispatcher)
5,0.000,0.000,0.000,0.000,/home/antho/.local/lib/python3.8/site-packages/numpy/core/function_base.py:23(linspace)
5,0.000,0.000,0.000,0.000,<__array_function__ internals>:177(linspace)
5,0.000,0.000,0.000,0.000,/home/antho/.local/lib/python3.8/site-packages/numpy/core/_methods.py:54(_any)
5,0.000,0.000,0.000,0.000,<__array_function__ internals>:177(any)
5,0.000,0.000,0.000,0.000,<__array_function__ internals>:177(ndim)
167418,0.058,0.000,1.132,0.000,<__array_function__ internals>:177(moveaxis)
83709,0.038,0.000,1.904,0.000,<__array_function__ internals>:177(cross)
10,0.000,0.000,0.000,0.000,/home/antho/.local/lib/python3.8/site-packages/numpy/core/numerictypes.py:282(issubclass_)
5,0.000,0.000,0.000,0.000,/home/antho/.local/lib/python3.8/site-packages/numpy/core/numerictypes.py:356(issubdtype)
334836,0.069,0.000,0.111,0.000,/home/antho/.local/lib/python3.8/site-packages/numpy/core/numeric.py:1391(<listcomp>)
334836,0.351,0.000,0.532,0.000,/home/antho/.local/lib/python3.8/site-packages/numpy/core/numeric.py:1341(normalize_axis_tuple)
167418,0.017,0.000,0.017,0.000,/home/antho/.local/lib/python3.8/site-packages/numpy/core/numeric.py:1400(_moveaxis_dispatcher)
167418,0.022,0.000,0.022,0.000,/home/antho/.local/lib/python3.8/site-packages/numpy/core/numeric.py:1466(<listcomp>)
167418,0.315,0.000,0.992,0.000,/home/antho/.local/lib/python3.8/site-packages/numpy/core/numeric.py:1404(moveaxis)
83709,0.010,0.000,0.010,0.000,/home/antho/.local/lib/python3.8/site-packages/numpy/core/numeric.py:1475(_cross_dispatcher)
83709,0.603,0.000,1.809,0.000,/home/antho/.local/lib/python3.8/site-packages/numpy/core/numeric.py:1479(cross)
5,0.000,0.000,0.000,0.000,/home/antho/.local/lib/python3.8/site-packages/numpy/core/numeric.py:1859(isscalar)
5,0.000,0.000,0.000,0.000,/home/antho/.local/lib/python3.8/site-packages/numpy/core/fromnumeric.py:70(<dictcomp>)
5,0.000,0.000,0.000,0.000,/home/antho/.local/lib/python3.8/site-packages/numpy/core/fromnumeric.py:69(_wrapreduction)
5,0.000,0.000,0.000,0.000,/home/antho/.local/lib/python3.8/site-packages/numpy/core/fromnumeric.py:2300(_any_dispatcher)
5,0.000,0.000,0.000,0.000,/home/antho/.local/lib/python3.8/site-packages/numpy/core/fromnumeric.py:2305(any)
5,0.000,0.000,0.000,0.000,/home/antho/.local/lib/python3.8/site-packages/numpy/core/fromnumeric.py:3160(_ndim_dispatcher)
5,0.000,0.000,0.000,0.000,/home/antho/.local/lib/python3.8/site-packages/numpy/core/fromnumeric.py:3164(ndim)
5,0.000,0.000,0.000,0.000,<__array_function__ internals>:177(result_type)
23738,0.009,0.000,0.039,0.000,<__array_function__ internals>:177(dot)
321,0.000,0.000,0.000,0.000,/usr/lib/python3.8/ntpath.py:34(_get_bothseps)
321,0.000,0.000,0.001,0.000,/usr/lib/python3.8/ntpath.py:61(isabs)
321,0.000,0.000,0.000,0.000,/usr/lib/python3.8/ntpath.py:124(splitdrive)
1,0.000,0.000,0.000,0.000,/home/antho/.local/lib/python3.8/site-packages/pygame/freetype.py:1(<module>)
1,0.000,0.000,0.000,0.000,/home/antho/.local/lib/python3.8/site-packages/pygame/pkgdata.py:47(getResource)
1,0.000,0.000,0.087,0.087,/home/antho/.local/lib/python3.8/site-packages/pygame/pkgdata.py:1(<module>)
1,0.000,0.000,0.000,0.000,/usr/lib/python3/dist-packages/pkg_resources/__init__.py:121(PEP440Warning)
4,0.000,0.000,0.000,0.000,/usr/lib/python3/dist-packages/pkg_resources/__init__.py:138(_declare_state)
1,0.000,0.000,0.000,0.000,/usr/lib/python3/dist-packages/pkg_resources/__init__.py:178(get_supported_platform)
1,0.000,0.000,0.000,0.000,/usr/lib/python3/dist-packages/pkg_resources/__init__.py:252(ResolutionError)
1,0.000,0.000,0.000,0.000,/usr/lib/python3/dist-packages/pkg_resources/__init__.py:259(VersionConflict)
1,0.000,0.000,0.000,0.000,/usr/lib/python3/dist-packages/pkg_resources/__init__.py:291(ContextualVersionConflict)
1,0.000,0.000,0.000,0.000,/usr/lib/python3/dist-packages/pkg_resources/__init__.py:304(DistributionNotFound)
1,0.000,0.000,0.000,0.000,/usr/lib/python3/dist-packages/pkg_resources/__init__.py:331(UnknownExtra)
4,0.000,0.000,0.000,0.000,/usr/lib/python3/dist-packages/pkg_resources/__init__.py:345(register_loader_type)
2,0.000,0.000,0.000,0.000,/usr/lib/python3/dist-packages/pkg_resources/__init__.py:355(get_provider)
1,0.000,0.000,0.000,0.000,/usr/lib/python3/dist-packages/pkg_resources/__init__.py:388(get_build_platform)
1,0.000,0.000,0.000,0.000,/usr/lib/python3/dist-packages/pkg_resources/__init__.py:503(IMetadataProvider)
1,0.000,0.000,0.000,0.000,/usr/lib/python3/dist-packages/pkg_resources/__init__.py:526(IResourceProvider)
1,0.000,0.000,0.015,0.015,/usr/lib/python3/dist-packages/pkg_resources/__init__.py:557(__init__)
1,0.000,0.000,0.015,0.015,/usr/lib/python3/dist-packages/pkg_resources/__init__.py:570(_build_master)
14,0.000,0.000,0.030,0.002,/usr/lib/python3/dist-packages/pkg_resources/__init__.py:612(add_entry)
94,0.000,0.000,0.000,0.000,/usr/lib/python3/dist-packages/pkg_resources/__init__.py:669(__iter__)
190,0.000,0.000,0.001,0.000,/usr/lib/python3/dist-packages/pkg_resources/__init__.py:686(add)
1,0.000,0.000,0.000,0.000,/usr/lib/python3/dist-packages/pkg_resources/__init__.py:908(subscribe)
93,0.000,0.000,0.000,0.000,/usr/lib/python3/dist-packages/pkg_resources/__init__.py:922(_added_new)
1,0.000,0.000,0.000,0.000,/usr/lib/python3/dist-packages/pkg_resources/__init__.py:554(WorkingSet)
1,0.000,0.000,0.000,0.000,/usr/lib/python3/dist-packages/pkg_resources/__init__.py:940(_ReqExtras)
1,0.000,0.000,0.000,0.000,/usr/lib/python3/dist-packages/pkg_resources/__init__.py:960(Environment)
1,0.000,0.000,0.000,0.000,/usr/lib/python3/dist-packages/pkg_resources/__init__.py:1110(ExtractionError)
1,0.000,0.000,0.000,0.000,/usr/lib/python3/dist-packages/pkg_resources/__init__.py:1130(__init__)
1,0.000,0.000,0.000,0.000,/usr/lib/python3/dist-packages/pkg_resources/__init__.py:1133(resource_exists)
1,0.000,0.000,0.000,0.000,/usr/lib/python3/dist-packages/pkg_resources/__init__.py:1149(resource_stream)
1,0.000,0.000,0.000,0.000,/usr/lib/python3/dist-packages/pkg_resources/__init__.py:1126(ResourceManager)
190,0.000,0.000,0.001,0.000,/usr/lib/python3/dist-packages/pkg_resources/__init__.py:1318(safe_name)
324,0.000,0.000,0.005,0.000,/usr/lib/python3/dist-packages/pkg_resources/__init__.py:1326(safe_version)
2,0.000,0.000,0.000,0.000,/usr/lib/python3/dist-packages/pkg_resources/__init__.py:1391(__init__)
1,0.000,0.000,0.000,0.000,/usr/lib/python3/dist-packages/pkg_resources/__init__.py:1404(has_resource)
319,0.000,0.000,0.003,0.000,/usr/lib/python3/dist-packages/pkg_resources/__init__.py:1407(_get_metadata_path)
199,0.000,0.000,0.003,0.000,/usr/lib/python3/dist-packages/pkg_resources/__init__.py:1410(has_metadata)
120,0.000,0.000,0.003,0.000,/usr/lib/python3/dist-packages/pkg_resources/__init__.py:1417(get_metadata)
120,0.000,0.000,0.003,0.000,/usr/lib/python3/dist-packages/pkg_resources/__init__.py:1432(get_metadata_lines)
321,0.000,0.000,0.003,0.000,/usr/lib/python3/dist-packages/pkg_resources/__init__.py:1487(_fn)
321,0.000,0.000,0.002,0.000,/usr/lib/python3/dist-packages/pkg_resources/__init__.py:1493(_validate_resource_path)
1,0.000,0.000,0.000,0.000,/usr/lib/python3/dist-packages/pkg_resources/__init__.py:1384(NullProvider)
2,0.000,0.000,0.000,0.000,/usr/lib/python3/dist-packages/pkg_resources/__init__.py:1582(__init__)
2,0.000,0.000,0.000,0.000,/usr/lib/python3/dist-packages/pkg_resources/__init__.py:1586(_setup_prefix)
1,0.000,0.000,0.000,0.000,/usr/lib/python3/dist-packages/pkg_resources/__init__.py:1579(EggProvider)
200,0.000,0.000,0.001,0.000,/usr/lib/python3/dist-packages/pkg_resources/__init__.py:1604(_has)
1,0.000,0.000,0.000,0.000,/usr/lib/python3/dist-packages/pkg_resources/__init__.py:1613(get_resource_stream)
120,0.000,0.000,0.001,0.000,/usr/lib/python3/dist-packages/pkg_resources/__init__.py:1616(_get)
1,0.000,0.000,0.000,0.000,/usr/lib/python3/dist-packages/pkg_resources/__init__.py:1620(_register)
1,0.000,0.000,0.000,0.000,/usr/lib/python3/dist-packages/pkg_resources/__init__.py:1601(DefaultProvider)
1,0.000,0.000,0.000,0.000,/usr/lib/python3/dist-packages/pkg_resources/__init__.py:1644(__init__)
1,0.000,0.000,0.000,0.000,/usr/lib/python3/dist-packages/pkg_resources/__init__.py:1631(EmptyProvider)
1,0.000,0.000,0.000,0.000,/usr/lib/python3/dist-packages/pkg_resources/__init__.py:1651(ZipManifests)
1,0.000,0.000,0.000,0.000,/usr/lib/python3/dist-packages/pkg_resources/__init__.py:1678(MemoizedZipManifests)
1,0.000,0.000,0.000,0.000,/usr/lib/python3/dist-packages/pkg_resources/__init__.py:1698(ZipProvider)
20,0.000,0.000,0.000,0.000,/usr/lib/python3/dist-packages/pkg_resources/__init__.py:1885(__init__)
30,0.000,0.000,0.000,0.000,/usr/lib/python3/dist-packages/pkg_resources/__init__.py:1891(has_metadata)
20,0.000,0.000,0.000,0.000,/usr/lib/python3/dist-packages/pkg_resources/__init__.py:1894(get_metadata)
20,0.000,0.000,0.000,0.000,/usr/lib/python3/dist-packages/pkg_resources/__init__.py:1903(_warn_on_replacement)
20,0.000,0.000,0.000,0.000,/usr/lib/python3/dist-packages/pkg_resources/__init__.py:1911(get_metadata_lines)
1,0.000,0.000,0.000,0.000,/usr/lib/python3/dist-packages/pkg_resources/__init__.py:1873(FileMetadata)
170,0.000,0.000,0.000,0.000,/usr/lib/python3/dist-packages/pkg_resources/__init__.py:1935(__init__)
1,0.000,0.000,0.000,0.000,/usr/lib/python3/dist-packages/pkg_resources/__init__.py:1915(PathMetadata)
1,0.000,0.000,0.000,0.000,/usr/lib/python3/dist-packages/pkg_resources/__init__.py:1940(EggMetadata)
4,0.000,0.000,0.000,0.000,/usr/lib/python3/dist-packages/pkg_resources/__init__.py:1958(register_finder)
14,0.000,0.000,0.000,0.000,/usr/lib/python3/dist-packages/pkg_resources/__init__.py:1968(find_distributions)
2,0.000,0.000,0.000,0.000,/usr/lib/python3/dist-packages/pkg_resources/__init__.py:2005(find_nothing)
190,0.000,0.000,0.006,0.000,/usr/lib/python3/dist-packages/pkg_resources/__init__.py:2033(<listcomp>)
190,0.000,0.000,0.006,0.000,/usr/lib/python3/dist-packages/pkg_resources/__init__.py:2027(_by_version)
12,0.000,0.000,0.009,0.001,/usr/lib/python3/dist-packages/pkg_resources/__init__.py:2012(_by_version_descending)
202,0.000,0.000,0.001,0.000,/usr/lib/python3/dist-packages/pkg_resources/__init__.py:2055(<genexpr>)
202,0.000,0.000,0.029,0.000,/usr/lib/python3/dist-packages/pkg_resources/__init__.py:2038(find_on_path)
1168,0.001,0.000,0.001,0.000,/usr/lib/python3/dist-packages/pkg_resources/__init__.py:2070(dist_factory)
788,0.000,0.000,0.000,0.000,/usr/lib/python3/dist-packages/pkg_resources/__init__.py:2095(__bool__)
1,0.000,0.000,0.000,0.000,/usr/lib/python3/dist-packages/pkg_resources/__init__.py:2087(NoDists)
12,0.000,0.000,0.001,0.000,/usr/lib/python3/dist-packages/pkg_resources/__init__.py:2104(safe_listdir)
380,0.001,0.000,0.018,0.000,/usr/lib/python3/dist-packages/pkg_resources/__init__.py:2125(distributions_from_metadata)
4,0.000,0.000,0.000,0.000,/usr/lib/python3/dist-packages/pkg_resources/__init__.py:2174(register_namespace_handler)
72,0.000,0.000,0.003,0.000,/usr/lib/python3/dist-packages/pkg_resources/__init__.py:2192(_handle_ns)
1,0.000,0.000,0.000,0.000,/usr/lib/python3/dist-packages/pkg_resources/__init__.py:2257(declare_namespace)
93,0.000,0.000,0.003,0.000,/usr/lib/python3/dist-packages/pkg_resources/__init__.py:2291(fixup_namespace_packages)
66,0.000,0.000,0.000,0.000,/usr/lib/python3/dist-packages/pkg_resources/__init__.py:2303(file_ns_handler)
8,0.000,0.000,0.000,0.000,/usr/lib/python3/dist-packages/pkg_resources/__init__.py:2330(normalize_path)
8,0.000,0.000,0.000,0.000,/usr/lib/python3/dist-packages/pkg_resources/__init__.py:2336(_cygwin_patch)
888,0.000,0.000,0.000,0.000,/usr/lib/python3/dist-packages/pkg_resources/__init__.py:2347(_normalize_cached)
28,0.000,0.000,0.000,0.000,/usr/lib/python3/dist-packages/pkg_resources/__init__.py:2355(_is_egg_path)
12,0.000,0.000,0.000,0.000,/usr/lib/python3/dist-packages/pkg_resources/__init__.py:2362(_is_unpacked_egg)
551,0.000,0.000,0.002,0.000,/usr/lib/python3/dist-packages/pkg_resources/__init__.py:2380(yield_lines)
1,0.000,0.000,0.000,0.000,/usr/lib/python3/dist-packages/pkg_resources/__init__.py:2409(EntryPoint)
408,0.000,0.000,0.000,0.000,/usr/lib/python3/dist-packages/pkg_resources/__init__.py:2555(is_version_line)
136,0.000,0.000,0.009,0.000,/usr/lib/python3/dist-packages/pkg_resources/__init__.py:2550(_version_from_file)
190,0.000,0.000,0.004,0.000,/usr/lib/python3/dist-packages/pkg_resources/__init__.py:2567(__init__)
190,0.001,0.000,0.015,0.000,/usr/lib/python3/dist-packages/pkg_resources/__init__.py:2580(from_location)
54,0.000,0.000,0.000,0.000,/usr/lib/python3/dist-packages/pkg_resources/__init__.py:2597(_reload_version)
562,0.000,0.000,0.000,0.000,/usr/lib/python3/dist-packages/pkg_resources/__init__.py:2639(key)
8,0.000,0.000,0.000,0.000,{shapely.speedups._speedups.geos_linearring_from_py}
511,0.003,0.000,0.015,0.000,/home/antho/.local/lib/python3.8/site-packages/shapely/geometry/point.py:38(__init__)
511,0.008,0.000,0.009,0.000,/home/antho/.local/lib/python3.8/site-packages/shapely/geometry/point.py:244(geos_point_from_py)
8,0.000,0.000,0.000,0.000,/home/antho/.local/lib/python3.8/site-packages/shapely/geometry/polygon.py:238(__init__)
8,0.000,0.000,0.000,0.000,/home/antho/.local/lib/python3.8/site-packages/shapely/geometry/polygon.py:530(geos_polygon_from_py)
562,0.000,0.000,0.001,0.000,/home/antho/pygame/Visibility-Algorithm/src/shapes/point.py:24(__post_init__)
61120,0.011,0.000,0.017,0.000,/home/antho/pygame/Visibility-Algorithm/src/shapes/point.py:31(__iter__)
12223,0.003,0.000,0.005,0.000,/home/antho/pygame/Visibility-Algorithm/src/shapes/point.py:34(__len__)
3684,0.001,0.000,0.001,0.000,/home/antho/pygame/Visibility-Algorithm/src/shapes/point.py:41(__getitem__)
12223,0.001,0.000,0.001,0.000,/home/antho/pygame/Visibility-Algorithm/src/shapes/point.py:56(size)
1015,0.001,0.000,0.015,0.000,/home/antho/pygame/Visibility-Algorithm/src/shapes/point.py:60(as_polar)
217,0.000,0.000,0.018,0.000,<string>:2(__init__)
468,0.001,0.000,0.422,0.001,/home/antho/pygame/Visibility-Algorithm/src/math_utils/triangulate.py:55(get_intersecting_polygon)
926,0.000,0.000,0.000,0.000,/home/antho/pygame/Visibility-Algorithm/src/math_utils/triangulate.py:76(binary_switch)
257,0.000,0.000,0.000,0.000,/home/antho/pygame/Visibility-Algorithm/src/math_utils/triangulate.py:90(get_states)
434,0.000,0.000,0.000,0.000,/home/antho/pygame/Visibility-Algorithm/src/math_utils/triangulate.py:101(get_ordered_points)
257,0.002,0.000,0.449,0.002,/home/antho/pygame/Visibility-Algorithm/src/math_utils/triangulate.py:107(ff)
511,0.000,0.000,0.000,0.000,/home/antho/.local/lib/python3.8/site-packages/shapely/impl.py:56(__getitem__)
511,0.008,0.000,0.009,0.000,/home/antho/.local/lib/python3.8/site-packages/shapely/predicates.py:11(__call__)
1,0.000,0.000,0.000,0.000,{method 'disable' of '_lsprof.Profiler' objects}
1022,0.001,0.000,0.001,0.000,/home/antho/.local/lib/python3.8/site-packages/shapely/topology.py:17(_validate)
511,0.000,0.000,0.000,0.000,/home/antho/.local/lib/python3.8/site-packages/shapely/geos.py:606(errcheck_predicate)
26,0.000,0.000,0.001,0.000,/usr/lib/python3.8/traceback.py:200(extract_stack)
78,0.000,0.000,0.000,0.000,/usr/lib/python3.8/traceback.py:243(__init__)
26,0.000,0.000,0.000,0.000,/usr/lib/python3.8/traceback.py:272(__getitem__)
104,0.000,0.000,0.001,0.000,/usr/lib/python3.8/traceback.py:285(line)
104,0.000,0.000,0.000,0.000,/usr/lib/python3.8/traceback.py:292(walk_stack)
26,0.000,0.000,0.001,0.000,/usr/lib/python3.8/traceback.py:321(extract)
225,0.000,0.000,0.000,0.000,/home/antho/pygame/Visibility-Algorithm/src/math_utils/iter_funcs.py:7(pair)
8,0.000,0.000,0.000,0.000,/home/antho/pygame/Visibility-Algorithm/src/math_utils/iter_funcs.py:33(get_unique_ordered)
4774,0.015,0.000,0.048,0.000,/home/antho/pygame/Visibility-Algorithm/src/math_utils/polar.py:10(cart_to_polar_2D)
471,0.001,0.000,0.002,0.000,/usr/lib/python3.8/copy.py:66(copy)
471,0.000,0.000,0.001,0.000,/usr/lib/python3.8/copy.py:258(_reconstruct)
4093,0.005,0.000,0.020,0.000,/home/antho/pygame/Visibility-Algorithm/src/math_utils/polar.py:48(quadrize)
2958,0.001,0.000,0.004,0.000,/home/antho/pygame/Visibility-Algorithm/src/math_utils/polar.py:155(get_major_angle)
2958,0.001,0.000,0.001,0.000,/home/antho/pygame/Visibility-Algorithm/src/math_utils/polar.py:171(get_midpoint)
1189,0.001,0.000,0.012,0.000,/home/antho/pygame/Visibility-Algorithm/src/math_utils/polar.py:178(<genexpr>)
174,0.000,0.000,0.000,0.000,/home/antho/pygame/Visibility-Algorithm/src/math_utils/polar.py:179(<dictcomp>)
174,0.001,0.000,0.001,0.000,/home/antho/pygame/Visibility-Algorithm/src/math_utils/polar.py:182(<listcomp>)
2958,0.001,0.000,0.002,0.000,/home/antho/pygame/Visibility-Algorithm/src/math_utils/polar.py:184(<lambda>)
2958,0.001,0.000,0.005,0.000,/home/antho/pygame/Visibility-Algorithm/src/math_utils/polar.py:186(<lambda>)
174,0.001,0.000,0.022,0.000,/home/antho/pygame/Visibility-Algorithm/src/math_utils/polar.py:175(maximize_angle)
514,0.000,0.000,0.005,0.000,/home/antho/pygame/Visibility-Algorithm/src/math_utils/polar.py:192(polar_wrapper)
52,0.000,0.000,0.000,0.000,/home/antho/pygame/Visibility-Algorithm/src/shapes/polygon.py:21(<genexpr>)
8,0.000,0.000,0.001,0.000,/home/antho/pygame/Visibility-Algorithm/src/shapes/polygon.py:16(__init__)
109,0.000,0.000,0.000,0.000,/home/antho/pygame/Visibility-Algorithm/src/shapes/polygon.py:36(size)
8,0.000,0.000,0.000,0.000,/home/antho/pygame/Visibility-Algorithm/src/shapes/polygon.py:40(_nsegments)
484,0.000,0.000,0.000,0.000,/home/antho/pygame/Visibility-Algorithm/src/shapes/polygon.py:44(as_segments)
35,0.000,0.000,0.000,0.000,/home/antho/pygame/Visibility-Algorithm/src/shapes/polygon.py:47(as_arrays)
101,0.000,0.000,0.000,0.000,/home/antho/pygame/Visibility-Algorithm/src/shapes/polygon.py:50(as_points)
511,0.001,0.000,0.027,0.000,/home/antho/pygame/Visibility-Algorithm/src/shapes/polygon.py:57(in_polygon)
511,0.001,0.000,0.133,0.000,/home/antho/pygame/Visibility-Algorithm/src/shapes/polygon.py:82(collidepoint)
2731,0.005,0.000,0.523,0.000,/home/antho/pygame/Visibility-Algorithm/src/shapes/polygon.py:87(on_any_segment)
3242,0.005,0.000,0.034,0.000,/home/antho/pygame/Visibility-Algorithm/src/shapes/polygon.py:96(is_a_vertex)
404,0.000,0.000,0.000,0.000,/home/antho/pygame/Visibility-Algorithm/src/shapes/polygon.py:109(mean)
1064,0.000,0.000,0.000,0.000,/home/antho/pygame/Visibility-Algorithm/src/shapes/polygon.py:113(<genexpr>)
1064,0.000,0.000,0.000,0.000,/home/antho/pygame/Visibility-Algorithm/src/shapes/polygon.py:114(<genexpr>)
202,0.000,0.000,0.002,0.000,/home/antho/pygame/Visibility-Algorithm/src/shapes/polygon.py:112(xy_mean)
101,0.001,0.000,0.022,0.000,/home/antho/pygame/Visibility-Algorithm/src/shapes/polygon.py:107(get_arc)
1030,0.002,0.000,0.004,0.000,/home/antho/.local/lib/python3.8/site-packages/shapely/geometry/base.py:191(_empty)
511,0.000,0.000,0.003,0.000,/home/antho/.local/lib/python3.8/site-packages/shapely/geometry/base.py:208(__del__)
2044,0.000,0.000,0.000,0.000,/home/antho/.local/lib/python3.8/site-packages/shapely/geometry/base.py:228(_geom)
519,0.001,0.000,0.003,0.000,/home/antho/.local/lib/python3.8/site-packages/shapely/geometry/base.py:240(_set_geom)
4128,0.003,0.000,0.003,0.000,/home/antho/.local/lib/python3.8/site-packages/shapely/geometry/base.py:245(__setattr__)
511,0.001,0.000,0.011,0.000,/home/antho/.local/lib/python3.8/site-packages/shapely/geometry/base.py:762(contains)
163443,0.040,0.000,0.071,0.000,/home/antho/pygame/Visibility-Algorithm/src/math_utils/numerical.py:18(is_close)
46230,0.024,0.000,0.042,0.000,/home/antho/pygame/Visibility-Algorithm/src/math_utils/numerical.py:34(is_above_or_eq)
17508,0.007,0.000,0.012,0.000,/home/antho/pygame/Visibility-Algorithm/src/math_utils/numerical.py:39(is_below_or_eq)
60,0.000,0.000,0.000,0.000,/home/antho/pygame/Visibility-Algorithm/src/math_utils/numerical.py:44(is_above)
11396,0.004,0.000,0.007,0.000,/home/antho/pygame/Visibility-Algorithm/src/math_utils/numerical.py:49(is_below)
32376,0.013,0.000,0.057,0.000,/home/antho/pygame/Visibility-Algorithm/src/math_utils/numerical.py:54(is_in)
134196,0.031,0.000,0.039,0.000,/home/antho/pygame/Visibility-Algorithm/src/math_utils/numerical.py:73(<genexpr>)
65550,0.052,0.000,0.117,0.000,/home/antho/pygame/Visibility-Algorithm/src/math_utils/numerical.py:68(is_array_close)
164,0.000,0.000,0.000,0.000,/home/antho/pygame/Visibility-Algorithm/src/math_utils/numerical.py:106(<genexpr>)
49,0.000,0.000,0.000,0.000,/home/antho/pygame/Visibility-Algorithm/src/math_utils/numerical.py:101(is_array_in)
76413,0.050,0.000,0.069,0.000,/home/antho/pygame/Visibility-Algorithm/src/math_utils/numerical.py:111(<genexpr>)
25471,0.035,0.000,0.118,0.000,/home/antho/pygame/Visibility-Algorithm/src/math_utils/numerical.py:109(distance)
23171,0.162,0.000,1.812,0.000,/home/antho/pygame/Visibility-Algorithm/src/math_utils/intersection.py:14(get_intersection)
14196,0.012,0.000,0.356,0.000,/home/antho/pygame/Visibility-Algorithm/src/math_utils/intersection.py:120(is_collinear)
14368,0.079,0.000,0.496,0.000,/home/antho/pygame/Visibility-Algorithm/src/math_utils/intersection.py:126(is_point_on_segment)
23401,0.229,0.000,0.475,0.000,/home/antho/pygame/Visibility-Algorithm/src/math_utils/distance.py:6(point_to_line)
434,0.000,0.000,0.007,0.000,/home/antho/pygame/Visibility-Algorithm/src/shapes/line.py:21(<lambda>)
434,0.000,0.000,0.003,0.000,/home/antho/pygame/Visibility-Algorithm/src/shapes/line.py:33(<lambda>)
217,0.001,0.000,0.018,0.000,/home/antho/pygame/Visibility-Algorithm/src/shapes/line.py:19(__post_init__)
1059,0.000,0.000,0.000,0.000,/home/antho/pygame/Visibility-Algorithm/src/shapes/line.py:54(as_arrays)
376,0.000,0.000,0.000,0.000,/home/antho/pygame/Visibility-Algorithm/src/shapes/line.py:60(as_points)
447,0.000,0.000,0.000,0.000,/home/antho/pygame/Visibility-Algorithm/src/shapes/line.py:75(get_topmost_parent)
29,0.000,0.000,0.449,0.015,/home/antho/pygame/Visibility-Algorithm/src/math_utils/triangulate.py:14(triangulate_from_origin)
783,0.000,0.000,0.000,0.000,/home/antho/pygame/Visibility-Algorithm/src/shapes/line.py:86(<genexpr>)
261,0.001,0.000,0.002,0.000,/home/antho/pygame/Visibility-Algorithm/src/shapes/line.py:83(__init__)
23577,0.009,0.000,0.009,0.000,/home/antho/pygame/Visibility-Algorithm/src/shapes/line.py:109(as_arrays)
411,0.000,0.000,0.000,0.000,/home/antho/pygame/Visibility-Algorithm/src/shapes/line.py:115(as_points)
14368,0.009,0.000,0.505,0.000,/home/antho/pygame/Visibility-Algorithm/src/shapes/line.py:121(collidepoint)
7595,0.004,0.000,0.029,0.000,/home/antho/pygame/Visibility-Algorithm/src/shapes/line.py:126(vertex_collidepoint)
1466,0.000,0.000,0.000,0.000,/home/antho/pygame/Visibility-Algorithm/src/shapes/line.py:131(get_topmost_parent)
464,0.001,0.000,2.546,0.005,/home/antho/pygame/Visibility-Algorithm/src/math_utils/math_funcs.py:40(cast_ray)
23401,0.015,0.000,0.490,0.000,/home/antho/pygame/Visibility-Algorithm/src/math_utils/math_funcs.py:53(<lambda>)
1466,0.000,0.000,0.000,0.000,/home/antho/pygame/Visibility-Algorithm/src/math_utils/math_funcs.py:77(<lambda>)
681/464,0.040,0.000,2.545,0.005,/home/antho/pygame/Visibility-Algorithm/src/math_utils/math_funcs.py:48(get_closest_intersection)
217,0.001,0.000,0.003,0.000,/home/antho/pygame/Visibility-Algorithm/src/math_utils/math_funcs.py:137(normalize)
1,0.000,0.000,0.000,0.000,/home/antho/pygame/Visibility-Algorithm/src/math_utils/math_funcs.py:144(get_points_from_rect)
217,0.002,0.000,0.031,0.000,/home/antho/pygame/Visibility-Algorithm/src/math_utils/math_funcs.py:152(remove_vertex_endpoint)
78,0.000,0.000,0.001,0.000,/usr/lib/python3.8/linecache.py:15(getline)
78,0.000,0.000,0.001,0.000,/usr/lib/python3.8/linecache.py:37(getlines)
26,0.000,0.000,0.000,0.000,/usr/lib/python3.8/linecache.py:53(checkcache)
1,0.000,0.000,0.001,0.001,/usr/lib/python3.8/linecache.py:82(updatecache)
78,0.000,0.000,0.000,0.000,/usr/lib/python3.8/linecache.py:147(lazycache)
2,0.000,0.000,0.000,0.000,/usr/lib/python3.8/tokenize.py:319(read_or_stop)
2,0.000,0.000,0.000,0.000,/usr/lib/python3.8/tokenize.py:325(find_cookie)
1,0.000,0.000,0.000,0.000,/usr/lib/python3.8/tokenize.py:295(detect_encoding)
1,0.000,0.000,0.000,0.000,/usr/lib/python3.8/tokenize.py:388(open)
82,0.000,0.000,0.000,0.000,/usr/lib/python3.8/inspect.py:487(getmro)
23618,0.010,0.000,0.141,0.000,<__array_function__ internals>:177(norm)
23618,0.005,0.000,0.006,0.000,/home/antho/.local/lib/python3.8/site-packages/numpy/linalg/linalg.py:116(isComplexType)
23618,0.003,0.000,0.003,0.000,/home/antho/.local/lib/python3.8/site-packages/numpy/linalg/linalg.py:2345(_norm_dispatcher)
23618,0.063,0.000,0.118,0.000,/home/antho/.local/lib/python3.8/site-packages/numpy/linalg/linalg.py:2349(norm)
8,0.000,0.000,0.000,0.000,{built-in method _ctypes.POINTER}
5,0.000,0.000,0.000,0.000,{method 'astype' of 'numpy.ndarray' objects}
23618,0.006,0.000,0.006,0.000,{method 'ravel' of 'numpy.ndarray' objects}
5,0.000,0.000,0.000,0.000,{method 'reshape' of 'numpy.ndarray' objects}
167418,0.048,0.000,0.048,0.000,{method 'transpose' of 'numpy.ndarray' objects}
600,0.001,0.000,0.001,0.000,{built-in method numpy.array}
191036,0.014,0.000,0.014,0.000,{built-in method numpy.asarray}
10,0.000,0.000,0.000,0.000,{built-in method numpy.asanyarray}
5,0.000,0.000,0.000,0.000,{built-in method numpy.arange}
83709,0.024,0.000,0.024,0.000,{built-in method numpy.empty}
83709,0.016,0.000,0.016,0.000,{built-in method numpy.promote_types}
298503/107452,0.151,0.000,1.985,0.000,{built-in method numpy.core._multiarray_umath.implement_array_function}
502254,0.064,0.000,0.064,0.000,{built-in method numpy.core._multiarray_umath.normalize_axis_index}
5,0.000,0.000,0.000,0.000,{method 'any' of 'numpy.generic' objects}
5,0.000,0.000,0.000,0.000,{method 'reduce' of 'numpy.ufunc' objects}
471,0.000,0.000,0.000,0.000,/usr/lib/python3.8/copyreg.py:90(__newobj__)
17,0.000,0.000,0.000,0.000,/usr/lib/python3.8/copyreg.py:99(_slotnames)
5,0.000,0.000,0.000,0.000,/home/antho/.local/lib/python3.8/site-packages/numpy/core/multiarray.py:664(result_type)
23738,0.003,0.000,0.003,0.000,/home/antho/.local/lib/python3.8/site-packages/numpy/core/multiarray.py:736(dot)
199,0.000,0.000,0.001,0.000,/usr/lib/python3.8/re.py:203(sub)
65,0.000,0.000,0.022,0.000,/usr/lib/python3.8/re.py:250(compile)
4,0.000,0.000,0.000,0.000,/usr/lib/python3.8/re.py:270(escape)
264,0.000,0.000,0.023,0.000,/usr/lib/python3.8/re.py:289(_compile)
132,0.000,0.000,0.000,0.000,/usr/lib/python3.8/sre_compile.py:65(_combine_flags)
657/62,0.002,0.000,0.006,0.000,/usr/lib/python3.8/sre_compile.py:71(_compile)
270,0.000,0.000,0.000,0.000,/usr/lib/python3.8/sre_compile.py:249(_compile_charset)
270,0.001,0.000,0.002,0.000,/usr/lib/python3.8/sre_compile.py:276(_optimize_charset)
38,0.000,0.000,0.000,0.000,/usr/lib/python3.8/sre_compile.py:413(<listcomp>)
38,0.000,0.000,0.000,0.000,/usr/lib/python3.8/sre_compile.py:411(_mk_bitmap)
6,0.000,0.000,0.000,0.000,/usr/lib/python3.8/sre_compile.py:416(_bytes_to_codes)
293,0.000,0.000,0.000,0.000,/usr/lib/python3.8/sre_compile.py:423(_simple)
16,0.000,0.000,0.000,0.000,/usr/lib/python3.8/sre_compile.py:432(_generate_overlap_table)
123,0.000,0.000,0.000,0.000,/usr/lib/python3.8/sre_compile.py:453(_get_iscased)
78/61,0.000,0.000,0.000,0.000,/usr/lib/python3.8/sre_compile.py:461(_get_literal_prefix)
45,0.000,0.000,0.000,0.000,/usr/lib/python3.8/sre_compile.py:492(_get_charset_prefix)
62,0.000,0.000,0.001,0.000,/usr/lib/python3.8/sre_compile.py:536(_compile_info)
124,0.000,0.000,0.000,0.000,/usr/lib/python3.8/sre_compile.py:595(isstring)
62,0.000,0.000,0.007,0.000,/usr/lib/python3.8/sre_compile.py:598(_code)
62,0.000,0.000,0.022,0.000,/usr/lib/python3.8/sre_compile.py:759(compile)
62,0.000,0.000,0.000,0.000,/usr/lib/python3.8/sre_parse.py:76(__init__)
338,0.000,0.000,0.000,0.000,/usr/lib/python3.8/sre_parse.py:81(groups)
102,0.000,0.000,0.000,0.000,/usr/lib/python3.8/sre_parse.py:84(opengroup)
102,0.000,0.000,0.001,0.000,/usr/lib/python3.8/sre_parse.py:96(closegroup)
1,0.000,0.000,0.000,0.000,/usr/lib/python3.8/sre_parse.py:98(checkgroup)
1,0.000,0.000,0.000,0.000,/usr/lib/python3.8/sre_parse.py:101(checklookbehindgroup)
742,0.000,0.000,0.000,0.000,/usr/lib/python3.8/sre_parse.py:111(__init__)
1516,0.000,0.000,0.000,0.000,/usr/lib/python3.8/sre_parse.py:160(__len__)
4456,0.001,0.000,0.001,0.000,/usr/lib/python3.8/sre_parse.py:164(__getitem__)
323,0.000,0.000,0.000,0.000,/usr/lib/python3.8/sre_parse.py:168(__setitem__)
1053,0.000,0.000,0.000,0.000,/usr/lib/python3.8/sre_parse.py:172(append)
758/172,0.001,0.000,0.001,0.000,/usr/lib/python3.8/sre_parse.py:174(getwidth)
62,0.000,0.000,0.000,0.000,/usr/lib/python3.8/sre_parse.py:224(__init__)
12063,0.003,0.000,0.003,0.000,/usr/lib/python3.8/sre_parse.py:233(__next)
2372,0.000,0.000,0.001,0.000,/usr/lib/python3.8/sre_parse.py:249(match)
10895,0.002,0.000,0.004,0.000,/usr/lib/python3.8/sre_parse.py:254(get)
35,0.000,0.000,0.000,0.000,/usr/lib/python3.8/sre_parse.py:258(getwhile)
53,0.000,0.000,0.000,0.000,/usr/lib/python3.8/sre_parse.py:267(getuntil)
932,0.000,0.000,0.000,0.000,/usr/lib/python3.8/sre_parse.py:286(tell)
116,0.000,0.000,0.000,0.000,/usr/lib/python3.8/sre_parse.py:295(_class_escape)
137,0.000,0.000,0.000,0.000,/usr/lib/python3.8/sre_parse.py:355(_escape)
184,0.000,0.000,0.000,0.000,/usr/lib/python3.8/sre_parse.py:432(_uniq)
258/62,0.001,0.000,0.014,0.000,/usr/lib/python3.8/sre_parse.py:435(_parse_sub)
399/64,0.005,0.000,0.014,0.000,/usr/lib/python3.8/sre_parse.py:493(_parse)
1,0.000,0.000,0.000,0.000,/usr/lib/python3.8/sre_parse.py:861(_parse_flags)
62,0.000,0.000,0.000,0.000,/usr/lib/python3.8/sre_parse.py:921(fix_flags)
62,0.000,0.000,0.015,0.000,/usr/lib/python3.8/sre_parse.py:937(parse)
63,0.000,0.000,0.000,0.000,/usr/lib/python3.8/enum.py:12(_is_descriptor)
73,0.000,0.000,0.000,0.000,/usr/lib/python3.8/enum.py:22(_is_dunder)
73,0.000,0.000,0.000,0.000,/usr/lib/python3.8/enum.py:33(_is_sunder)
5,0.000,0.000,0.000,0.000,/usr/lib/python3.8/enum.py:68(__init__)
73,0.000,0.000,0.000,0.000,/usr/lib/python3.8/enum.py:75(__setitem__)
5,0.000,0.000,0.000,0.000,/usr/lib/python3.8/enum.py:143(__prepare__)
5,0.000,0.000,0.000,0.000,/usr/lib/python3.8/enum.py:175(<dictcomp>)
5,0.000,0.000,0.000,0.000,/usr/lib/python3.8/enum.py:200(<setcomp>)
12,0.000,0.000,0.000,0.000,/usr/lib/python3.8/enum.py:223(<genexpr>)
5,0.000,0.000,0.001,0.000,/usr/lib/python3.8/enum.py:157(__new__)
143,0.000,0.000,0.001,0.000,/usr/lib/python3.8/enum.py:313(__call__)
5,0.000,0.000,0.000,0.000,/usr/lib/python3.8/enum.py:370(__getattr__)
5,0.000,0.000,0.000,0.000,/usr/lib/python3.8/enum.py:398(__members__)
97,0.000,0.000,0.000,0.000,/usr/lib/python3.8/enum.py:417(__setattr__)
5,0.000,0.000,0.001,0.000,/usr/lib/python3.8/enum.py:430(_create_)
4,0.000,0.000,0.001,0.000,/usr/lib/python3.8/enum.py:500(<listcomp>)
61,0.000,0.000,0.000,0.000,/usr/lib/python3.8/enum.py:506(<lambda>)
4,0.000,0.000,0.002,0.000,/usr/lib/python3.8/enum.py:483(_convert_)
5,0.000,0.000,0.000,0.000,/usr/lib/python3.8/enum.py:522(_check_for_existing_members)
15,0.000,0.000,0.000,0.000,/usr/lib/python3.8/enum.py:543(_find_data_type)
15,0.000,0.000,0.000,0.000,/usr/lib/python3.8/enum.py:532(_get_mixins_)
5,0.000,0.000,0.000,0.000,/usr/lib/python3.8/enum.py:579(_find_new_)
138,0.000,0.000,0.000,0.000,/usr/lib/python3.8/enum.py:631(__new__)
2,0.000,0.000,0.000,0.000,/usr/lib/python3.8/enum.py:676(_generate_next_value_)
2,0.000,0.000,0.000,0.000,/usr/lib/python3.8/enum.py:735(__hash__)
10,0.000,0.000,0.000,0.000,/usr/lib/python3.8/enum.py:753(value)
7,0.000,0.000,0.000,0.000,/usr/lib/python3.8/enum.py:932(__or__)
62,0.000,0.000,0.000,0.000,/usr/lib/python3.8/enum.py:938(__and__)
1,0.000,0.000,0.000,0.000,/usr/lib/python3.8/textwrap.py:414(dedent)
1,0.000,0.000,0.000,0.000,/usr/lib/python3.8/weakref.py:343(__init__)
2,0.000,0.000,0.000,0.000,/usr/lib/python3.8/weakref.py:463(popitem)
29,0.001,0.000,0.001,0.000,{built-in method pygame.event.get}
1798,0.017,0.000,0.017,0.000,{built-in method pygame.draw.circle}
520,0.013,0.000,0.014,0.000,{built-in method pygame.draw.polygon}
2,0.000,0.000,0.000,0.000,{built-in method pygame.draw.rect}
1,0.000,0.000,0.000,0.000,{method 'set_colorkey' of 'pygame.Surface' objects}
87,0.009,0.000,0.009,0.000,{method 'fill' of 'pygame.Surface' objects}
87,0.020,0.000,0.020,0.000,{method 'blit' of 'pygame.Surface' objects}
4,0.000,0.000,0.000,0.000,{method 'get_rect' of 'pygame.Surface' objects}
1,0.155,0.155,0.243,0.243,{built-in method pygame.display.set_mode}
29,0.010,0.000,0.010,0.000,{built-in method pygame.display.flip}
1,0.000,0.000,0.000,0.000,{method 'inflate' of 'pygame.Rect' objects}
1,0.382,0.382,0.382,0.382,{built-in method pygame.base.init}
1,0.072,0.072,0.072,0.072,{built-in method pygame.base.quit}
1189,0.000,0.000,0.000,0.000,../main.py:87(<genexpr>)
4,0.000,0.000,0.001,0.000,../main.py:40(get_ngon)
35,0.000,0.000,0.000,0.000,../main.py:42(<genexpr>)
2,0.000,0.000,0.000,0.000,/usr/lib/python3.8/functools.py:837(register)
1,0.000,0.000,0.000,0.000,/usr/lib/python3.8/functools.py:796(singledispatch)
30,0.001,0.000,0.001,0.000,/home/antho/pygame/Visibility-Algorithm/src/raycaster.py:20(update)
10,0.000,0.000,0.000,0.000,/usr/lib/python3.8/functools.py:34(update_wrapper)
9,0.000,0.000,0.000,0.000,/usr/lib/python3.8/functools.py:64(wraps)
1,0.004,0.004,3.884,3.884,../main.py:174(main)
257,0.000,0.000,0.002,0.000,../main.py:301(<lambda>)
257,0.000,0.000,0.003,0.000,../main.py:299(<lambda>)
145,0.000,0.000,0.000,0.000,../main.py:292(<genexpr>)
5,0.000,0.000,0.000,0.000,../main.py:197(<genexpr>)
29,0.000,0.000,0.014,0.000,../main.py:142(draw_triangles)
29,0.001,0.000,2.553,0.088,../main.py:129(cast_rays)
464,0.000,0.000,0.005,0.000,../main.py:134(<lambda>)
464,0.000,0.000,0.001,0.000,../main.py:132(<lambda>)
29,0.002,0.000,0.039,0.001,../main.py:70(arcs_from_dict)
1,0.000,0.000,0.000,0.000,../main.py:47(group_by_parents)
14,0.000,0.000,0.000,0.000,/usr/lib/python3.8/collections/__init__.py:385(<genexpr>)
3,0.000,0.000,0.000,0.000,/usr/lib/python3.8/collections/__init__.py:313(namedtuple)
10,0.000,0.000,0.000,0.000,/usr/lib/python3.8/types.py:171(__get__)
1,0.000,0.000,0.000,0.000,/usr/lib/python3.8/warnings.py:130(filterwarnings)
71,0.000,0.000,0.000,0.000,/usr/lib/python3.8/warnings.py:165(simplefilter)
72,0.000,0.000,0.000,0.000,/usr/lib/python3.8/warnings.py:181(_add_filter)
71,0.000,0.000,0.000,0.000,/usr/lib/python3.8/warnings.py:437(__init__)
71,0.000,0.000,0.000,0.000,/usr/lib/python3.8/warnings.py:458(__enter__)
71,0.000,0.000,0.000,0.000,/usr/lib/python3.8/warnings.py:477(__exit__)
1,0.000,0.000,0.000,0.000,/usr/lib/python3.8/contextlib.py:211(contextmanager)
29,0.000,0.000,0.000,0.000,../main.py:17(draw_mouse)
29,0.034,0.001,0.034,0.001,{method 'tick' of 'Clock' objects}
29,0.000,0.000,0.000,0.000,{method 'get_fps' of 'Clock' objects}
1,0.000,0.000,0.000,0.000,{built-in method pygame.time.Clock}
30,0.000,0.000,0.000,0.000,{built-in method pygame.mouse.get_pos}
2,0.000,0.000,0.000,0.000,/usr/lib/python3.8/os.py:748(encode)
1450,0.000,0.000,0.000,0.000,/usr/lib/python3.8/posixpath.py:41(_get_sep)
8,0.000,0.000,0.000,0.000,/usr/lib/python3.8/posixpath.py:52(normcase)
1,0.000,0.000,0.000,0.000,/usr/lib/python3.8/_collections_abc.py:72(_check_methods)
340,0.000,0.000,0.000,0.000,/usr/lib/python3.8/posixpath.py:60(isabs)
618,0.001,0.000,0.001,0.000,/usr/lib/python3.8/posixpath.py:71(join)
16,0.000,0.000,0.000,0.000,/usr/lib/python3.8/posixpath.py:100(split)
380,0.000,0.000,0.001,0.000,/usr/lib/python3.8/posixpath.py:117(splitext)
190,0.000,0.000,0.000,0.000,/usr/lib/python3.8/posixpath.py:140(basename)
1,0.000,0.000,0.000,0.000,/usr/lib/python3.8/_collections_abc.py:252(__subclasshook__)
286,0.000,0.000,0.001,0.000,/usr/lib/python3.8/posixpath.py:150(dirname)
39,0.000,0.000,0.000,0.000,/usr/lib/python3.8/posixpath.py:164(islink)
6,0.000,0.000,0.000,0.000,/usr/lib/python3.8/_collections_abc.py:392(__subclasshook__)
21,0.000,0.000,0.000,0.000,/usr/lib/python3.8/posixpath.py:334(normpath)
9,0.000,0.000,0.000,0.000,/usr/lib/python3.8/posixpath.py:372(abspath)
9,0.000,0.000,0.000,0.000,/usr/lib/python3.8/posixpath.py:387(realpath)
10/9,0.000,0.000,0.000,0.000,/usr/lib/python3.8/posixpath.py:396(_joinrealpath)
2,0.000,0.000,0.000,0.000,/usr/lib/python3.8/_collections_abc.py:664(__contains__)
2,0.000,0.000,0.000,0.000,/usr/lib/python3.8/_collections_abc.py:816(clear)
200,0.000,0.000,0.000,0.000,/usr/lib/python3.8/genericpath.py:16(exists)
22,0.000,0.000,0.000,0.000,/usr/lib/python3.8/genericpath.py:27(isfile)
190,0.000,0.000,0.001,0.000,/usr/lib/python3.8/genericpath.py:39(isdir)
380,0.000,0.000,0.000,0.000,/usr/lib/python3.8/genericpath.py:121(_splitext)
21,0.000,0.000,0.000,0.000,/usr/lib/python3.8/codecs.py:260(__init__)
21,0.000,0.000,0.000,0.000,/usr/lib/python3.8/codecs.py:309(__init__)
50,0.000,0.000,0.000,0.000,/usr/lib/python3.8/codecs.py:319(decode)
11,0.000,0.000,0.000,0.000,/usr/lib/python3.8/abc.py:7(abstractmethod)
10,0.000,0.000,0.000,0.000,/usr/lib/python3.8/abc.py:84(__new__)
1,0.000,0.000,0.000,0.000,/usr/lib/python3.8/abc.py:89(register)
133,0.000,0.000,0.000,0.000,/usr/lib/python3.8/abc.py:96(__instancecheck__)
7/2,0.000,0.000,0.000,0.000,/usr/lib/python3.8/abc.py:100(__subclasscheck__)
1,0.000,0.000,0.000,0.000,/usr/lib/python3.8/os.py:46(<listcomp>)
1,0.000,0.000,0.000,0.000,/usr/lib/python3.8/os.py:42(_get_exports_list)
2,0.000,0.000,0.000,0.000,/usr/lib/python3.8/os.py:670(__getitem__)
43,0.000,0.000,0.000,0.000,<frozen importlib._bootstrap_external>:1075(path_stats)
1,0.000,0.000,0.000,0.000,<frozen importlib._bootstrap_external>:1153(__init__)
1,0.000,0.000,0.000,0.000,<frozen importlib._bootstrap_external>:1164(create_module)
1,0.000,0.000,0.000,0.000,<frozen importlib._bootstrap_external>:1172(exec_module)
7,0.000,0.000,0.000,0.000,<frozen importlib._bootstrap_external>:1317(_path_hooks)
76,0.000,0.000,0.000,0.000,<frozen importlib._bootstrap_external>:1330(_path_importer_cache)
53,0.000,0.000,0.003,0.000,<frozen importlib._bootstrap_external>:1367(_get_spec)
53,0.000,0.000,0.003,0.000,<frozen importlib._bootstrap_external>:1399(find_spec)
56,0.000,0.000,0.000,0.000,<frozen importlib._bootstrap_external>:1465(<genexpr>)
7,0.000,0.000,0.000,0.000,<frozen importlib._bootstrap_external>:1459(__init__)
71,0.000,0.000,0.002,0.000,<frozen importlib._bootstrap_external>:1481(find_loader)
110,0.000,0.000,0.001,0.000,<frozen importlib._bootstrap_external>:1493(_get_spec)
135,0.001,0.000,0.004,0.000,<frozen importlib._bootstrap_external>:1498(find_spec)
7,0.000,0.000,0.000,0.000,<frozen importlib._bootstrap_external>:1549(_fill_cache)
7,0.000,0.000,0.000,0.000,<frozen importlib._bootstrap_external>:1590(path_hook_for_FileFinder)
43,0.000,0.000,0.000,0.000,<frozen importlib._bootstrap>:35(_new_module)
55,0.000,0.000,0.000,0.000,<frozen importlib._bootstrap>:58(__init__)
75,0.000,0.000,0.000,0.000,<frozen importlib._bootstrap>:78(acquire)
75,0.000,0.000,0.000,0.000,<frozen importlib._bootstrap>:103(release)
55,0.000,0.000,0.000,0.000,<frozen importlib._bootstrap>:143(__init__)
55,0.000,0.000,0.001,0.000,<frozen importlib._bootstrap>:147(__enter__)
55,0.000,0.000,0.000,0.000,<frozen importlib._bootstrap>:151(__exit__)
55,0.000,0.000,0.000,0.000,<frozen importlib._bootstrap>:176(cb)
75,0.000,0.000,0.000,0.000,<frozen importlib._bootstrap>:157(_get_module_lock)
20,0.000,0.000,0.000,0.000,<frozen importlib._bootstrap>:194(_lock_unlock_module)
62/2,0.000,0.000,0.088,0.044,<frozen importlib._bootstrap>:211(_call_with_frames_removed)
404,0.000,0.000,0.000,0.000,<frozen importlib._bootstrap>:222(_verbose_message)
2,0.000,0.000,0.000,0.000,<frozen importlib._bootstrap>:232(_requires_builtin_wrapper)
130,0.000,0.000,0.000,0.000,<frozen importlib._bootstrap>:342(__init__)
87,0.000,0.000,0.001,0.000,<frozen importlib._bootstrap>:376(cached)
56,0.000,0.000,0.000,0.000,<frozen importlib._bootstrap>:389(parent)
46,0.000,0.000,0.000,0.000,<frozen importlib._bootstrap>:397(has_location)
135,0.000,0.000,0.000,0.000,<frozen importlib._bootstrap_external>:68(_relax_case)
11,0.000,0.000,0.000,0.000,<frozen importlib._bootstrap>:406(spec_from_loader)
46,0.000,0.000,0.001,0.000,<frozen importlib._bootstrap>:477(_init_module_attrs)
46,0.000,0.000,0.002,0.000,<frozen importlib._bootstrap>:549(module_from_spec)
9/8,0.000,0.000,0.015,0.002,<frozen importlib._bootstrap>:613(_load_backward_compatible)
55/2,0.000,0.000,0.088,0.044,<frozen importlib._bootstrap>:650(_load_unlocked)
55,0.000,0.000,0.000,0.000,<frozen importlib._bootstrap>:725(find_spec)
2,0.000,0.000,0.000,0.000,<frozen importlib._bootstrap>:746(create_module)
2,0.000,0.000,0.000,0.000,<frozen importlib._bootstrap>:754(exec_module)
2,0.000,0.000,0.000,0.000,<frozen importlib._bootstrap>:771(is_package)
53,0.000,0.000,0.000,0.000,<frozen importlib._bootstrap>:800(find_spec)
129,0.000,0.000,0.000,0.000,<frozen importlib._bootstrap_external>:79(_unpack_uint32)
173,0.000,0.000,0.000,0.000,<frozen importlib._bootstrap>:863(__enter__)
173,0.000,0.000,0.000,0.000,<frozen importlib._bootstrap>:867(__exit__)
12,0.000,0.000,0.000,0.000,<frozen importlib._bootstrap>:881(_find_spec_legacy)
55,0.000,0.000,0.003,0.000,<frozen importlib._bootstrap>:890(_find_spec)
55/2,0.000,0.000,0.088,0.044,<frozen importlib._bootstrap>:956(_find_and_load_unlocked)
55/2,0.000,0.000,0.088,0.044,<frozen importlib._bootstrap>:986(_find_and_load)
16/13,0.000,0.000,0.006,0.000,<frozen importlib._bootstrap>:1017(_handle_fromlist)
7,0.000,0.000,0.000,0.000,<frozen zipimport>:63(__init__)
721,0.000,0.000,0.000,0.000,<frozen importlib._bootstrap_external>:123(<listcomp>)
721,0.000,0.000,0.001,0.000,<frozen importlib._bootstrap_external>:121(_path_join)
172,0.000,0.000,0.000,0.000,<frozen importlib._bootstrap_external>:129(<genexpr>)
86,0.000,0.000,0.000,0.000,<frozen importlib._bootstrap_external>:127(_path_split)
521,0.000,0.000,0.001,0.000,<frozen importlib._bootstrap_external>:135(_path_stat)
336,0.000,0.000,0.001,0.000,<frozen importlib._bootstrap_external>:145(_path_is_mode_type)
329,0.000,0.000,0.001,0.000,<frozen importlib._bootstrap_external>:154(_path_isfile)
7,0.000,0.000,0.000,0.000,<frozen importlib._bootstrap_external>:159(_path_isdir)
117,0.000,0.000,0.000,0.000,<frozen importlib._bootstrap_external>:175(_path_isabs)
86,0.000,0.000,0.001,0.000,<frozen importlib._bootstrap_external>:354(cache_from_source)
44,0.000,0.000,0.001,0.000,<frozen importlib._bootstrap_external>:484(_get_cached)
43,0.000,0.000,0.000,0.000,<frozen importlib._bootstrap_external>:516(_check_name_wrapper)
71,0.000,0.000,0.002,0.000,<frozen importlib._bootstrap_external>:536(_find_module_shim)
43,0.000,0.000,0.000,0.000,<frozen importlib._bootstrap_external>:553(_classify_pyc)
43,0.000,0.000,0.000,0.000,<frozen importlib._bootstrap_external>:586(_validate_timestamp_pyc)
43,0.000,0.000,0.005,0.000,<frozen importlib._bootstrap_external>:638(_compile_bytecode)
110,0.000,0.000,0.000,0.000,<frozen importlib._bootstrap_external>:689(spec_from_file_location)
43,0.000,0.000,0.000,0.000,<frozen importlib._bootstrap_external>:839(create_module)
43/2,0.000,0.000,0.088,0.044,<frozen importlib._bootstrap_external>:842(exec_module)
43,0.001,0.000,0.008,0.000,<frozen importlib._bootstrap_external>:914(get_code)
109,0.000,0.000,0.000,0.000,<frozen importlib._bootstrap_external>:1004(__init__)
43,0.000,0.000,0.000,0.000,<frozen importlib._bootstrap_external>:1029(get_filename)
43,0.000,0.000,0.001,0.000,<frozen importlib._bootstrap_external>:1034(get_data)


